-- MySQL dump 10.13  Distrib 8.0.37, for Linux (x86_64)
--
-- Host: localhost    Database: yanishlali_student
-- ------------------------------------------------------
-- Server version	8.0.37-0ubuntu0.22.04.3

/*!40101 SET @OLD_CHARACTER_SET_CLIENT=@@CHARACTER_SET_CLIENT */;
/*!40101 SET @OLD_CHARACTER_SET_RESULTS=@@CHARACTER_SET_RESULTS */;
/*!40101 SET @OLD_COLLATION_CONNECTION=@@COLLATION_CONNECTION */;
/*!50503 SET NAMES utf8mb4 */;
/*!40103 SET @OLD_TIME_ZONE=@@TIME_ZONE */;
/*!40103 SET TIME_ZONE='+00:00' */;
/*!40014 SET @OLD_UNIQUE_CHECKS=@@UNIQUE_CHECKS, UNIQUE_CHECKS=0 */;
/*!40014 SET @OLD_FOREIGN_KEY_CHECKS=@@FOREIGN_KEY_CHECKS, FOREIGN_KEY_CHECKS=0 */;
/*!40101 SET @OLD_SQL_MODE=@@SQL_MODE, SQL_MODE='NO_AUTO_VALUE_ON_ZERO' */;
/*!40111 SET @OLD_SQL_NOTES=@@SQL_NOTES, SQL_NOTES=0 */;

--
-- Table structure for table `attendance`
--

DROP TABLE IF EXISTS `attendance`;
/*!40101 SET @saved_cs_client     = @@character_set_client */;
/*!50503 SET character_set_client = utf8mb4 */;
CREATE TABLE `attendance` (
  `id` int NOT NULL AUTO_INCREMENT,
  `classe_id` int NOT NULL,
  `student_id` int NOT NULL,
  `token` varchar(255) COLLATE utf8mb4_unicode_ci DEFAULT NULL,
  `expiry_time` datetime DEFAULT NULL,
  `present` tinyint(1) DEFAULT '0',
  PRIMARY KEY (`id`),
  KEY `IDX_6DE30D918F5EA509` (`classe_id`),
  KEY `IDX_6DE30D91CB944F1A` (`student_id`),
  CONSTRAINT `FK_6DE30D918F5EA509` FOREIGN KEY (`classe_id`) REFERENCES `classe` (`id`),
  CONSTRAINT `FK_6DE30D91A389FF6D` FOREIGN KEY (`classe_id`) REFERENCES `classe` (`id`),
  CONSTRAINT `FK_6DE30D91CB944F1A` FOREIGN KEY (`student_id`) REFERENCES `student` (`id`)
) ENGINE=InnoDB AUTO_INCREMENT=1885 DEFAULT CHARSET=utf8mb4 COLLATE=utf8mb4_unicode_ci;
/*!40101 SET character_set_client = @saved_cs_client */;

--
-- Dumping data for table `attendance`
--

LOCK TABLES `attendance` WRITE;
/*!40000 ALTER TABLE `attendance` DISABLE KEYS */;
INSERT INTO `attendance` VALUES (511,18,18,'370b80a93bcec73210be4d7351396ae4','2024-07-29 12:45:00',0),(512,18,19,'fa62af7bb609ec071baf6d1c892e5695','2024-07-29 12:45:00',0),(513,18,20,'8906519492f687465830c1db77fbfdc0','2024-07-29 12:45:00',0),(514,18,18,'ea00f3463c8a4b25b9f8457c19841e61','2024-07-29 12:45:00',0),(515,18,19,'a174622ab17aee38c76fc60a90c459fb','2024-07-29 12:45:00',0),(516,18,20,'7ce234f5d78062b2a2d031c74fe74ff8','2024-07-29 12:45:00',0),(517,18,18,'7bf55a6aa4de8229b63dde97d649b61a','2024-07-29 12:45:00',0),(518,18,19,'b11eadd3cad964c1a615586e00f28d11','2024-07-29 12:45:00',0),(519,18,20,'9379294ac16b305445b5d585f5148313','2024-07-29 12:45:00',0),(520,18,18,'4cec30422db7295141d402c3977b0a66','2024-07-29 12:45:00',0),(521,18,19,'0d1917eabfa56e107c02fc001bb19d3f','2024-07-29 12:45:00',0),(522,18,20,'33ba9e2e503301447b6b9c2c1b8e6df5','2024-07-29 12:45:00',0),(523,19,18,'4064521b31ec574d221f7f93d659f5b8','2024-07-29 17:15:00',0),(524,19,19,'e22983a652739231d78033dba97ec754','2024-07-29 17:15:00',1),(525,19,20,'11e872bc37682e0fac295449ea70c855','2024-07-29 17:15:00',0),(526,19,18,'7d87fbc2bcd6ba2540c9ba534424f695','2024-07-29 17:15:00',0),(527,19,19,'7af85f9ea9a63a19a5e0a39f88897683','2024-07-29 17:15:00',0),(528,19,20,'480428b35eed6ccc66442b62175b1c44','2024-07-29 17:15:00',0),(529,21,18,'97eb5b60b50550a17e71a9a0012c5484','2024-07-30 13:00:00',1),(530,21,19,'bf0f0da0abca1b70a899a20dbc023685','2024-07-30 13:00:00',1),(531,21,20,'42ba1c4bdc3cea77246422d51eb07ebd','2024-07-30 13:00:00',0),(532,21,18,'5a1cfd9115e2f688f9426e14b7734340','2024-07-30 13:00:00',0),(533,21,19,'5ebd2876430d1a62209bcf62563abafd','2024-07-30 13:00:00',1),(534,21,20,'b9ca6d501ccd9d3a7b70e1c3bac52aa0','2024-07-30 13:00:00',0),(535,21,18,'177c8d285fde910a643782ab93108309','2024-07-30 13:00:00',0),(536,21,19,'28768b62275e4220aa48fc48ae6612fe','2024-07-30 13:00:00',1),(537,21,20,'9410b0182c378897d363fdbf77733e0a','2024-07-30 13:00:00',0),(538,21,18,'fa35899c29f43ba3129182882170ded1','2024-07-30 13:00:00',0),(539,21,19,'e2d089e5ccd4591b9f719a3d0752bb5d','2024-07-30 13:00:00',1),(540,21,20,'ecf31b0ce93851fcbb72364a14543fdf','2024-07-30 13:00:00',0),(541,21,18,'c1e9c66ca944d3b0ef956f7de6cc7f2b','2024-07-30 13:00:00',0),(542,21,19,'459d86c657b409504bf2dc358fc01091','2024-07-30 13:00:00',1),(543,21,20,'6b4d555a22805b2bdb909fac242b2979','2024-07-30 13:00:00',0),(544,21,18,'69cea3f58a2013633ca0c290c2dfafee','2024-07-30 13:00:00',0),(545,21,19,'6e5fd6ce8478a3855acc85f84cf82ba1','2024-07-30 13:00:00',1),(546,21,20,'76cea289669d9c21a18a219e19f53f6a','2024-07-30 13:00:00',0),(547,21,18,'092a1418eab293d2c1bb87e76e30fa55','2024-07-30 13:00:00',0),(548,21,19,'328913f5bff3679fbb2e510b68d821e6','2024-07-30 13:00:00',1),(549,21,20,'7f0b670d61d8a90def0577e9a22c66e5','2024-07-30 13:00:00',0),(550,21,18,'dbe04df360b7bdf394847c30b5d4366e','2024-07-30 13:00:00',0),(551,21,19,'5abddd7526128cc5bde9fafe5616bb48','2024-07-30 13:00:00',1),(552,21,20,'2abd14d71126b84a32195fc75e795b25','2024-07-30 13:00:00',0),(553,21,18,'cadcdb1c758ddd7fd06932f5e2c93e89','2024-07-30 13:00:00',0),(554,21,19,'5f8a50ab1f04331f9ad4b7251800f2a4','2024-07-30 13:00:00',1),(555,21,20,'c52bf450317f89fb09a6c504c7e7cb58','2024-07-30 13:00:00',0),(556,21,18,'894eab458904ab7296003c104ffe0b4b','2024-07-30 13:00:00',0),(557,21,19,'6926682ee8a2f33b1d23bb11ccd4164b','2024-07-30 13:00:00',1),(558,21,20,'8bf46d8dfa7f3ba6665994ba4390b330','2024-07-30 13:00:00',0),(559,21,18,'3fb56374d8da90f57030e251124b35cd','2024-07-30 13:00:00',0),(560,21,19,'c9f2ed53c1c2625f28ea738063a1c146','2024-07-30 13:00:00',1),(561,21,20,'1fe5d291988a2caa6d8a5e3b50f05bc4','2024-07-30 13:00:00',0),(562,21,18,'910c9b0c9abc981ad7c11c335cc97bfb','2024-07-30 13:00:00',0),(563,21,19,'7dd4cd89714b3345880a7e7ea924f784','2024-07-30 13:00:00',1),(564,21,20,'2c82a0e37cb880c6d1fe0fcdef080b36','2024-07-30 13:00:00',0),(565,21,18,'d9e209d7e70edbbe2b5b3d88cbcc715b','2024-07-30 13:00:00',0),(566,21,19,'caeffdcac084874cd17c9247ced45a21','2024-07-30 13:00:00',1),(567,21,20,'61d8cbadaf61a49ddc5af25f009eaa89','2024-07-30 13:00:00',0),(568,21,18,'2caf6b0930e47912839a527039ecb9bc','2024-07-30 13:00:00',0),(569,21,19,'6d9ea00e785f9567efbbda48607afa24','2024-07-30 13:00:00',1),(570,21,20,'dabcdb15f55565d6a3481dbe694eeea0','2024-07-30 13:00:00',0),(571,21,18,'6a4f63032fa7cffacaa91716f1e2f963','2024-07-30 13:00:00',0),(572,21,19,'dc92d86aeac5b7327b59568b7a1e4d56','2024-07-30 13:00:00',1),(573,21,20,'0517a7afade3217bb33de8379e9b3db9','2024-07-30 13:00:00',0),(574,21,18,'95815fa615c3925d166daf9ccdebfb52','2024-07-30 13:00:00',0),(575,21,19,'974c679ad61e794b6f551606a93ef9ad','2024-07-30 13:00:00',1),(576,21,20,'253977d61bd44fc5f0b5e09494577f5e','2024-07-30 13:00:00',0),(577,21,18,'aca19ceb007a9ce9230fa27b6fd4f63c','2024-07-30 13:00:00',0),(578,21,19,'a030f6239b1a263d7deb3dfa7f77a3c4','2024-07-30 13:00:00',1),(579,21,20,'dbbacc60907a3b0311d527ce7d61cd01','2024-07-30 13:00:00',0),(580,21,18,'162d45aad2d43baa52ba7a85c091801a','2024-07-30 13:00:00',0),(581,21,19,'2bc15becaf229ec023df066bce55cecb','2024-07-30 13:00:00',0),(582,21,20,'3ba4274ee853b695e311b8c0f1928a64','2024-07-30 13:00:00',0),(583,21,18,'7592c07df3d46cb1fd16e96bcfccc45c','2024-07-30 13:00:00',0),(584,21,19,'1e7a9fba88922f89e08de633590c9e1a','2024-07-30 13:00:00',0),(585,21,20,'a50c231d772a09baa6d376804ab71204','2024-07-30 13:00:00',0),(586,21,18,'ccec59eac487da553e51fac02d1ac67e','2024-07-30 13:00:00',0),(587,21,19,'7f0e093780a743c3a21e46a1eb1324ef','2024-07-30 13:00:00',0),(588,21,20,'4085ab832e5d4e17810f6de8765207bd','2024-07-30 13:00:00',0),(589,21,18,'77bab03e1c072b9e9bd161fbf18c9eeb','2024-07-30 13:00:00',0),(590,21,19,'9eb63407645801319c4132175bd37863','2024-07-30 13:00:00',0),(591,21,20,'5efacb2b009d99254351cbf3e8508c9f','2024-07-30 13:00:00',0),(592,21,18,'cf10f647efe16c0c912d3d270471862d','2024-07-30 13:00:00',0),(593,21,19,'e585a901ade73d67c63ac8f674bcf9be','2024-07-30 13:00:00',0),(594,21,20,'7df5325fb52ab87d2de696092bd00113','2024-07-30 13:00:00',0),(595,21,18,'56a246f91dd4270ce4b1dcf6b845966e','2024-07-30 13:00:00',0),(596,21,19,'006815dd966938ada71ee2961fc2d573','2024-07-30 13:00:00',0),(597,21,20,'dc6dbd96b4a5a67760e63d9256df1567','2024-07-30 13:00:00',0),(598,21,18,'e835d8dbb33f1a8300950a63be4465c3','2024-07-30 13:00:00',0),(599,21,19,'df12f2d184d8b85971aba320bfb9a98a','2024-07-30 13:00:00',0),(600,21,20,'c29585715a4aeeee050e777f2176d884','2024-07-30 13:00:00',0),(601,21,18,'aa1026bc9775e65d6be8e5b8b520ecf5','2024-07-30 13:00:00',0),(602,21,19,'4e8a7a1048ab579106b112ddd70f3dd7','2024-07-30 13:00:00',0),(603,21,20,'7cf549979df105a7bc7a9b150d93e31e','2024-07-30 13:00:00',0),(604,21,18,'f97432c4e4702a2bdaad8447d5e00d16','2024-07-30 13:00:00',0),(605,21,19,'058aed62ccc3d350110e1819590869cb','2024-07-30 13:00:00',0),(606,21,20,'d4eddcf8997877e655900feb2f94c197','2024-07-30 13:00:00',0),(607,21,18,'e694b3bca4b74331ec507768e97b544b','2024-07-30 13:00:00',0),(608,21,19,'13c780ee6e33b53b62ff6ec62b3619e2','2024-07-30 13:00:00',0),(609,21,20,'a35383176d3894af303725af491172d2','2024-07-30 13:00:00',0),(610,21,18,'22695aa977eaa13b586a991474cffc60','2024-07-30 13:00:00',0),(611,21,19,'af388436ddb432fd8b4fc42b2a718d88','2024-07-30 13:00:00',0),(612,21,20,'5bc8116e3245214343650e7133b70680','2024-07-30 13:00:00',0),(613,21,18,'7f956fea8f7266bf854ec7c821f0f030','2024-07-30 13:00:00',0),(614,21,19,'6139cb4cc3e6cf3f707e039f26768f4a','2024-07-30 13:00:00',0),(615,21,20,'00b5732527c793db32c370718908cd29','2024-07-30 13:00:00',0),(616,21,18,'3d61dbdee9449596200a62ebd4f7f264','2024-07-30 13:00:00',0),(617,21,19,'c5b0ac34e0c48970697d342acff08337','2024-07-30 13:00:00',0),(618,21,20,'32bd9b59a9a6e9e816dbb8a5fcac67c8','2024-07-30 13:00:00',0),(619,21,18,'9cc89eb7a18832bdbfd3d6569d6913fc','2024-07-30 13:00:00',0),(620,21,19,'af58ee1b3d922d3cb0a25d64d4bad959','2024-07-30 13:00:00',0),(621,21,20,'2aa80a2c3e5adfd4632b0f64105ca153','2024-07-30 13:00:00',0),(622,19,18,'8e0e41c5428b2d581623e4c52d9dd13b','2024-07-29 17:15:00',0),(623,19,19,'a296815dfe953b36135a05be302a7649','2024-07-29 17:15:00',0),(624,19,20,'a7165c1cc9db42add5711d698bc94cae','2024-07-29 17:15:00',0),(625,19,18,'d5a4d038384583314a5ec35d27d440e8','2024-07-29 17:15:00',0),(626,19,19,'bbaefbdf4b328eb7ce6f556fd57de3e1','2024-07-29 17:15:00',0),(627,19,20,'f22d4d9ffbeea0520c95965f7e15297e','2024-07-29 17:15:00',0),(628,19,18,'f24e9f34c7293a476a47ece73b85d1cc','2024-07-29 17:15:00',0),(629,19,19,'bf9fbff2f57b97dbd01792805c9d96b1','2024-07-29 17:15:00',0),(630,19,20,'f6af75c0f29d0a466acf5fe2c1910034','2024-07-29 17:15:00',0),(631,21,18,'44e40352da554e5fbb72799f11018322','2024-07-30 13:00:00',0),(632,21,19,'32c01de107bbe2de7b42fa1343d451a5','2024-07-30 13:00:00',0),(633,21,20,'604f84cb2dcf8059cbc90989df15ecb3','2024-07-30 13:00:00',0),(634,21,18,'d62aadc52d05ad50940bd1f157025984','2024-07-30 13:00:00',0),(635,21,19,'b73b3f0a31537b883e348ea2a3c9da83','2024-07-30 13:00:00',0),(636,21,20,'d73e7a463614361bd465094e6ab6d0fd','2024-07-30 13:00:00',0),(637,21,18,'d93c62536d8ea6d9d95875b046750483','2024-07-30 13:00:00',0),(638,21,19,'851136586973b356a520867182b332da','2024-07-30 13:00:00',0),(639,21,20,'8e3bd73449e319cb118a8716e4c63497','2024-07-30 13:00:00',0),(640,21,18,'7650a5a4fac7ea8a07dcd77fd86568fd','2024-07-30 13:00:00',0),(641,21,19,'ee11d21b0e1a70da2cc9ca9d70a8927c','2024-07-30 13:00:00',0),(642,21,20,'9beea167d94c3fe599893715f853338b','2024-07-30 13:00:00',0),(643,21,18,'5f37393eabc8257aa995b9cc9ac4cc51','2024-07-30 13:00:00',0),(644,21,19,'d6ae099de1a046ce447b719b4a52b7da','2024-07-30 13:00:00',0),(645,21,20,'b0c5ce2792651d2d6166a40d506fe82c','2024-07-30 13:00:00',0),(646,22,18,'995ea8285086e2f56d069b771f163629','2024-07-30 17:15:00',1),(647,22,19,'ed3bee967bdd7caf21e65fcc745715fa','2024-07-30 17:15:00',0),(648,22,20,'93438b61ed3516f0c46cb888af46b857','2024-07-30 17:15:00',0),(649,22,18,'388af6d75b168e8cba19eeb63a88b07a','2024-07-30 17:15:00',1),(650,22,19,'83f0f60866907cc6ce9880a53c6d80b3','2024-07-30 17:15:00',0),(651,22,20,'0a8f70e881b375a87b671313a5e7aa28','2024-07-30 17:15:00',0),(652,22,18,'620fe4857508a26d570bc1b014c7552d','2024-07-30 17:15:00',1),(653,22,19,'46db278ae910047146cb3c8bfc3d7251','2024-07-30 17:15:00',0),(654,22,20,'39e2564ff61a3fc4597ab680b3d192d5','2024-07-30 17:15:00',0),(655,22,18,'6aa69689b2f291c0c2685002a645f75e','2024-07-30 17:15:00',1),(656,22,19,'665aa228e234e8edbdde77e8877d3ff0','2024-07-30 17:15:00',0),(657,22,20,'b74322d15fc870327d897241a722cb67','2024-07-30 17:15:00',0),(658,22,18,'9d27f8031c5c5c7488b4852f7c403e23','2024-07-30 17:15:00',1),(659,22,19,'9eea095dd96ce54646885f4712c03910','2024-07-30 17:15:00',0),(660,22,20,'b1dcb5c6948daa21411f14d2c45843ff','2024-07-30 17:15:00',0),(661,22,18,'e9cc49ac5a00de4ab4b611b2ce5b4940','2024-07-30 17:15:00',1),(662,22,19,'9d8daa28760974f7d4525f0128ab9243','2024-07-30 17:15:00',0),(663,22,20,'0e3b4a9f46a152c032aec114bacbfe0e','2024-07-30 17:15:00',0),(664,22,18,'72e4d19163cbe287ecebdbdf5b9e4cad','2024-07-30 17:15:00',1),(665,22,19,'216c7e32e0ce9d171b4c6cbe87767a4d','2024-07-30 17:15:00',0),(666,22,20,'98e44d9515cd1c24b7c7090b9e30aeb8','2024-07-30 17:15:00',0),(667,22,18,'4bf76a7444b9692e76e19df2edef2306','2024-07-30 17:15:00',1),(668,22,19,'0dbfd0a08c898490bfb90d6d213d24fa','2024-07-30 17:15:00',0),(669,22,20,'4275a709ef25a50918d7ec0edc578639','2024-07-30 17:15:00',0),(670,22,18,'b8a5c3e566ed204e7f7a3e5179ba9556','2024-07-30 17:15:00',1),(671,22,19,'7cb637e9665de059b094b7c93b476e87','2024-07-30 17:15:00',0),(672,22,20,'80ffe705dd449d2a12ab04fce70f986e','2024-07-30 17:15:00',0),(673,22,18,'edf6264f96fb9cd2e1af33441e1e1f7b','2024-07-30 17:15:00',1),(674,22,19,'5dee709475bac7563c3d5f29abbff47c','2024-07-30 17:15:00',0),(675,22,20,'bfcffe87e94bb5c844b0f0b724213aee','2024-07-30 17:15:00',0),(676,22,18,'6c25d5d0eea2d299491c5053e98708d4','2024-07-30 17:15:00',1),(677,22,19,'75c46728bc5c9008262e576b6b1b7f92','2024-07-30 17:15:00',0),(678,22,20,'1cfb217b24b03e934d775fd1d53765b3','2024-07-30 17:15:00',0),(679,22,18,'59d7df194c9bcf744acb4365ef355d64','2024-07-30 17:15:00',1),(680,22,19,'fbb9d2bc05347c945f58df64b6b6d86b','2024-07-30 17:15:00',0),(681,22,20,'b90bee090c2e8787b18e54842cda98e9','2024-07-30 17:15:00',0),(682,22,18,'ad6db378049f1f659f721782fadac09e','2024-07-30 17:15:00',1),(683,22,19,'2fb8ca3348bd777d2de816c997b0eebe','2024-07-30 17:15:00',0),(684,22,20,'6094f46389d2df76f36b1fee8b6bdb20','2024-07-30 17:15:00',0),(685,22,18,'f519615b71ca5d70beaf7e6839fad657','2024-07-30 17:15:00',1),(686,22,19,'0a81ee80753a01bd196f17f5f701a74c','2024-07-30 17:15:00',0),(687,22,20,'3ac070e2245557dee8535cecfa971ac8','2024-07-30 17:15:00',0),(688,22,18,'b8c01e4a2494b49be2142b9ebe1fc449','2024-07-30 17:15:00',1),(689,22,19,'af3d8f47be37de176c3f0047086eba78','2024-07-30 17:15:00',0),(690,22,20,'a525d91c78b9d206b889d8ca9f4dd01c','2024-07-30 17:15:00',0),(691,22,18,'9c3d30e484b8da5283603ddbd0c57b66','2024-07-30 17:15:00',1),(692,22,19,'f1d25012bc7d1d8a4891ed1d2591a623','2024-07-30 17:15:00',0),(693,22,20,'68b426f6358ee5ebd7a2f4b58535c658','2024-07-30 17:15:00',0),(694,22,18,'2af4b2a9b9dd4857c8dff7ab733c9bd6','2024-07-30 17:15:00',1),(695,22,19,'e801e1afa42e99100616a0da3974ed5f','2024-07-30 17:15:00',0),(696,22,20,'cea2def20e18c7fab10db8d8795d4c1c','2024-07-30 17:15:00',0),(697,22,18,'a05efcccc60607e94b85b899ce6dd8dc','2024-07-30 17:15:00',1),(698,22,19,'28b837e3f64764df05786d22215f0c0a','2024-07-30 17:15:00',0),(699,22,20,'6f88e8caa02d08987374f5a9215eb53b','2024-07-30 17:15:00',0),(700,22,18,'512fc509d1084e98cd35284bcf51bd1e','2024-07-30 17:15:00',1),(701,22,19,'7c70653f2f46966e900cb7ea710c34f4','2024-07-30 17:15:00',0),(702,22,20,'d02bb4793e986b2903fa277113575aac','2024-07-30 17:15:00',0),(703,22,18,'6a68cd00624fb39195e4ae62ef46f404','2024-07-30 17:15:00',1),(704,22,19,'3dc200dd3362af623aca59fc94c63706','2024-07-30 17:15:00',0),(705,22,20,'6ec4134d049ceda911385ae92526f51d','2024-07-30 17:15:00',0),(706,22,18,'61c9e740fe984ff43bdbe21daf0daef4','2024-07-30 17:15:00',1),(707,22,19,'e1e1c9eef22ec8fc985d8274e485466c','2024-07-30 17:15:00',0),(708,22,20,'962030ffff014954534f970b9afc28fa','2024-07-30 17:15:00',0),(709,22,18,'314f642edf04e10389e06d0adcabf42a','2024-07-30 17:15:00',1),(710,22,19,'1e5bed12b8eb514a19a114fb65cf87c1','2024-07-30 17:15:00',0),(711,22,20,'2c8fae02e4c542a7dc3a1e93509f2b54','2024-07-30 17:15:00',0),(712,22,18,'aa1e70cabdcd4cb732314cfc5d00fef0','2024-07-30 17:15:00',1),(713,22,19,'b7b13b596d5cf0d786245e143205b7f5','2024-07-30 17:15:00',0),(714,22,20,'9ddb49387c9418ba3bd974bb5bebae55','2024-07-30 17:15:00',0),(715,22,18,'75545536726d3843114139bc0a4cad4e','2024-07-30 17:15:00',1),(716,22,19,'79777228b2e879342266e68c34930099','2024-07-30 17:15:00',0),(717,22,20,'8486e86765ced646a01a50b4084c54ea','2024-07-30 17:15:00',0),(718,22,18,'8e766b18983fa1f5eb8e3fd924f7c8c6','2024-07-30 17:15:00',1),(719,22,19,'f3316ecd27ea88c051c8aab65e394ffb','2024-07-30 17:15:00',0),(720,22,20,'a72cd47ebbf7015d9bbef6bbc80da97b','2024-07-30 17:15:00',0),(721,22,18,'866fc683166d2f7cafd082ae9199744d','2024-07-30 17:15:00',1),(722,22,19,'aeb45f68c14f185c721c708fafcc3d02','2024-07-30 17:15:00',0),(723,22,20,'438008212d80ce4fddd80dec864a6cb6','2024-07-30 17:15:00',0),(724,22,18,'9f36e0d38850048a4cbb79f4280e4ea9','2024-07-30 17:15:00',1),(725,22,19,'277dc1d92a4a464c1d95c22b8ab48a73','2024-07-30 17:15:00',0),(726,22,20,'7cdc6be01d3182f6ff3f4d99411c815a','2024-07-30 17:15:00',0),(727,22,18,'738e0024d6c6cb04d1022e3da597c891','2024-07-30 17:15:00',1),(728,22,19,'52102af32f26ed31f5365ad15816b621','2024-07-30 17:15:00',0),(729,22,20,'752939ab3353dc67ea786e9cd3104eac','2024-07-30 17:15:00',0),(730,22,18,'8d3b1749a036f35cf3e804bdfd866c88','2024-07-30 17:15:00',1),(731,22,19,'6084e5ebe8c49e4b559758cc0e9fffb3','2024-07-30 17:15:00',0),(732,22,20,'5dfc06db920d91570d90ba9739288897','2024-07-30 17:15:00',0),(733,22,18,'dfb586a9b19be0d8381f7faff65af375','2024-07-30 17:15:00',1),(734,22,19,'5f93d133053bc356554429b3484153c1','2024-07-30 17:15:00',0),(735,22,20,'bfb0ae7b39f4e0ac3e9160a40a8cff01','2024-07-30 17:15:00',0),(736,22,18,'5b574a8ade1a24cbbd0a85a88112caf3','2024-07-30 17:15:00',1),(737,22,19,'8ee489789bc2ec6ec0861f25533510a0','2024-07-30 17:15:00',0),(738,22,20,'0f454c92a3775cbaed2590168713626c','2024-07-30 17:15:00',0),(739,22,18,'56a2a9055e262b5109a1ec30e8844bf9','2024-07-30 17:15:00',1),(740,22,19,'86c03f0f70589ec762e9ac3d6c3068c0','2024-07-30 17:15:00',0),(741,22,20,'15a9d44ac1ac2e7d13b07bae2a78524e','2024-07-30 17:15:00',0),(742,22,18,'33882d0b43e4778e67bdef54f5b8e7cb','2024-07-30 17:15:00',1),(743,22,19,'bfb674fcbb2799e61f8993e3087abfca','2024-07-30 17:15:00',0),(744,22,20,'4bfe12cbff23f68aaaebea7529f73f2d','2024-07-30 17:15:00',0),(745,22,18,'407db0a20026d69b65850eacfba54d84','2024-07-30 17:15:00',1),(746,22,19,'5393edcd398768412c485d80a767420d','2024-07-30 17:15:00',0),(747,22,20,'20ec6f4a34ab16532ddbc477260322de','2024-07-30 17:15:00',0),(748,22,18,'133eb8943c90229d2fd6b8f763ef24d9','2024-07-30 17:15:00',1),(749,22,19,'e10dd3ca76c58d2839de8b42e7e2f7bb','2024-07-30 17:15:00',0),(750,22,20,'66d6111b8ec5eb0a24d938a9d6c7ae54','2024-07-30 17:15:00',0),(751,22,18,'19f53f70fb9a8a9fa4b8fc7ec8ac887d','2024-07-30 17:15:00',1),(752,22,19,'1adfe2c1163bb94191493ac6c15d2bb5','2024-07-30 17:15:00',0),(753,22,20,'0e6c5c3b0c29c046a46be6ab774d35d9','2024-07-30 17:15:00',0),(754,22,18,'8c4f30a440ac0db6dfba5b1f3c7f1bfd','2024-07-30 17:15:00',1),(755,22,19,'c091456b6a91bdcaa473fcd4467410ee','2024-07-30 17:15:00',0),(756,22,20,'4e4cfc70d09cb29c5645450f987f9fcd','2024-07-30 17:15:00',0),(757,22,18,'6492811e0b87fec0a329b5832bbb2c50','2024-07-30 17:15:00',1),(758,22,19,'88f0a4e81f0f7e5df4f8d559b4892823','2024-07-30 17:15:00',0),(759,22,20,'8e2c5f7f129220b8c5faee2217f2e732','2024-07-30 17:15:00',0),(760,22,18,'32e8300dc3632d92001810efb7fee45b','2024-07-30 17:15:00',1),(761,22,19,'c9f41bee276d785b9c2ae73ff3469d1e','2024-07-30 17:15:00',0),(762,22,20,'74beb893e0664bc1973d830219a12ca7','2024-07-30 17:15:00',0),(763,22,18,'2b8aa11df2b7971b7181cd9950c044a7','2024-07-30 17:15:00',1),(764,22,19,'b5430cb7b15d947b8cea48f07b47bb35','2024-07-30 17:15:00',0),(765,22,20,'8cca3cce163f8e53794108f0f921c6ca','2024-07-30 17:15:00',0),(766,22,18,'23b6be52f03724e823a421efb8410ea8','2024-07-30 17:15:00',1),(767,22,19,'43ba232ddce93b03c23668da61409d2e','2024-07-30 17:15:00',0),(768,22,20,'95121190ad4bdaf7e2509cecaf25594e','2024-07-30 17:15:00',0),(769,22,18,'bc8813647473ff1c1ba9be9d840bc1c4','2024-07-30 17:15:00',1),(770,22,19,'fb261227e8a2eb234b7f43b2ec1f7c01','2024-07-30 17:15:00',0),(771,22,20,'4cee253982358b66accbf7516fa229fa','2024-07-30 17:15:00',0),(772,22,18,'dd2a4d8706bb937cc025c590ad4b0531','2024-07-30 17:15:00',1),(773,22,19,'066f4ed58cd19eaf75598cd4bb01d2a5','2024-07-30 17:15:00',0),(774,22,20,'d2c1544db11eb034039d439f2e4ad00e','2024-07-30 17:15:00',0),(775,22,18,'f9feb7ad590031402129f3d4bd4c19de','2024-07-30 17:15:00',1),(776,22,19,'5b22d938d5a68dda1fb697688fc31f41','2024-07-30 17:15:00',0),(777,22,20,'c85ea097c65950716550bcf4e3dea014','2024-07-30 17:15:00',0),(778,22,18,'75bba385ace50d106f9f38178157325a','2024-07-30 17:15:00',1),(779,22,19,'5378fb247eba96f3ae28306857777f55','2024-07-30 17:15:00',0),(780,22,20,'0974c25f263362041a246b8040163974','2024-07-30 17:15:00',0),(781,22,18,'a2ede4c4e25d7bdd67859c9994a3f95b','2024-07-30 17:15:00',1),(782,22,19,'aa5f11ee3f3db8b2ace481a09459327a','2024-07-30 17:15:00',0),(783,22,20,'f2db37660a297eea7fd1f1cced1115c2','2024-07-30 17:15:00',0),(784,22,18,'57ca57ac9fe8429e53451570360f5074','2024-07-30 17:15:00',1),(785,22,19,'aaf7c2b250dd695cbd3dc16f2e2f41d2','2024-07-30 17:15:00',0),(786,22,20,'bfb5c8dacff757f85e12f41b68be53e6','2024-07-30 17:15:00',0),(787,22,18,'3e7cfa913e7d0cb4cc17e39316c63c76','2024-07-30 17:15:00',1),(788,22,19,'1f02781e38fc44a77bc616d68113fb73','2024-07-30 17:15:00',0),(789,22,20,'0ec7dc73ffda2e82d18834c90c48b96b','2024-07-30 17:15:00',0),(790,22,18,'da35df83729eded4c17399f32f1eb7c1','2024-07-30 17:15:00',1),(791,22,19,'c046baaf12a06e3938bf5a8221a47218','2024-07-30 17:15:00',0),(792,22,20,'ff5a0529d2e396d3328b4bd564df43b9','2024-07-30 17:15:00',0),(793,22,18,'2d9051280d7d88bccc457a33d97533f0','2024-07-30 17:15:00',1),(794,22,19,'9cb34594047b96e994e61a0796a602f6','2024-07-30 17:15:00',0),(795,22,20,'f9c15bca8acf8d844427690097fdc78e','2024-07-30 17:15:00',0),(796,22,18,'88325c413878161a5779c594eb07a9ef','2024-07-30 17:15:00',1),(797,22,19,'f9425b3beb4c156b945173d04bb60650','2024-07-30 17:15:00',0),(798,22,20,'bf946b41090584fb27c84aa55be53f85','2024-07-30 17:15:00',0),(799,22,18,'f82acb477ac1dd497dacb14c1a6ba835','2024-07-30 17:15:00',1),(800,22,19,'9249468a6f2d600745895fc493fdb879','2024-07-30 17:15:00',0),(801,22,20,'01ffdb069ae509e67af3c41af0c9452b','2024-07-30 17:15:00',0),(802,22,18,'c99d44e90c3b5731a6d3ea87eb44aca7','2024-07-30 17:15:00',1),(803,22,19,'33d4cff2e4b87a5e37e8a486cc177437','2024-07-30 17:15:00',0),(804,22,20,'b5214cd64ba03c3570da7b67cba9f8ef','2024-07-30 17:15:00',0),(805,22,18,'6d39aa150e0e1ca4ca4a9217e82e8bfc','2024-07-30 17:15:00',1),(806,22,19,'958b95ac8e07dd43eb51196601d5ee19','2024-07-30 17:15:00',0),(807,22,20,'28c6b7a1dd227b0b52b92e6ac0a431ba','2024-07-30 17:15:00',0),(808,22,18,'3126ccea89153aed0e94f887d16d4a11','2024-07-30 17:15:00',1),(809,22,19,'93be0dad712c90c1e0e51cf267e5b439','2024-07-30 17:15:00',0),(810,22,20,'b6119a0e8e8b797caf3f3339c0ae5d2b','2024-07-30 17:15:00',0),(811,22,18,'82e9ec4182a7f757fcb7b01aea2abca3','2024-07-30 17:15:00',1),(812,22,19,'c61688262c152fdb633d217f2c14479f','2024-07-30 17:15:00',0),(813,22,20,'f9fcd47734ae55e2d89d496f708fb636','2024-07-30 17:15:00',0),(814,22,18,'004de3f1b14dfa3585a5553f568c0526','2024-07-30 17:15:00',1),(815,22,19,'ed2d3e1c168f723d6c91256113e49452','2024-07-30 17:15:00',0),(816,22,20,'011ef61f1359bcc6de53d356950f0a4e','2024-07-30 17:15:00',0),(817,22,18,'3cad393a6fe61e68ae21f23f0af1300e','2024-07-30 17:15:00',1),(818,22,19,'b131cae6a50181532f1c81add913b46d','2024-07-30 17:15:00',0),(819,22,20,'1bea92dfec28e7df4bbd921e17e6a551','2024-07-30 17:15:00',0),(820,22,18,'f25bedd38960360d932fad21fa03d504','2024-07-30 17:15:00',1),(821,22,19,'7e1e7e702f75548847209a281afc4d43','2024-07-30 17:15:00',0),(822,22,20,'67eb00e847a760431cf59e941208bd24','2024-07-30 17:15:00',0),(823,22,18,'941e24a13314b90e49510183aa27a852','2024-07-30 17:15:00',1),(824,22,19,'0df47c32e01a4cce12faf55ca5961bcf','2024-07-30 17:15:00',0),(825,22,20,'c2357cb342e4ebe8242d186d8711bbec','2024-07-30 17:15:00',0),(826,22,18,'1c7c95cda9b91f1b2de526b8379fd419','2024-07-30 17:15:00',1),(827,22,19,'b67ae2a4c732093c49eef32712e4d6ab','2024-07-30 17:15:00',0),(828,22,20,'1663446ece3f252a4d6d5c9051a25ca0','2024-07-30 17:15:00',0),(829,22,18,'db714be0f6f4b8c9c25874ceae18589f','2024-07-30 17:15:00',1),(830,22,19,'c71c339539757a13ca84cb5ce2e4ac33','2024-07-30 17:15:00',0),(831,22,20,'25e6602c8c7328f4c5cb6d0afaf47d5c','2024-07-30 17:15:00',0),(832,22,18,'cd2f131f199a39fe5466e988f397a21f','2024-07-30 17:15:00',1),(833,22,19,'42d3c8737c2d7186bd501b03f811ca5d','2024-07-30 17:15:00',0),(834,22,20,'085d0bf48604bdffc5eb88d798e3b4e2','2024-07-30 17:15:00',0),(835,22,18,'e2d95ea1ff5550dcd0d84e487fe83827','2024-07-30 17:15:00',1),(836,22,19,'c2c49bbf0c58920c9c7b73eff4fbd863','2024-07-30 17:15:00',0),(837,22,20,'427f092b0324caa96e4aa3e48ad63708','2024-07-30 17:15:00',0),(838,22,18,'21ca46abb29ea20b01337fb468bee803','2024-07-30 17:15:00',1),(839,22,19,'6734ecc16735c66a8ac32d11e6fa8c26','2024-07-30 17:15:00',0),(840,22,20,'dca1b1c4f33c3e41c77c796e888c1d1d','2024-07-30 17:15:00',0),(841,22,18,'a453b8d68acaf28ee80469c9f6fd108a','2024-07-30 17:15:00',1),(842,22,19,'6e952ed37549028ec6dd196b0208ed2d','2024-07-30 17:15:00',0),(843,22,20,'99b11fd71c1c2534b0fb46495b69ab3c','2024-07-30 17:15:00',0),(844,22,18,'3585a97e4df33986b946bd90beaa8fd0','2024-07-30 17:15:00',1),(845,22,19,'9a319b857ed088f18759696faea4ab38','2024-07-30 17:15:00',0),(846,22,20,'034c7d82de2f893256bdd1f26cb9c9bc','2024-07-30 17:15:00',0),(847,22,18,'ed962e07e14fdd6809f85ca673504a40','2024-07-30 17:15:00',1),(848,22,19,'b9976e61d5a7d2861ea4dfc08824013d','2024-07-30 17:15:00',0),(849,22,20,'395b3c1341a3cf934351b061c838e9b7','2024-07-30 17:15:00',0),(850,22,18,'3aea1dd93646775891de6898a50cbeb5','2024-07-30 17:15:00',1),(851,22,19,'1a1b3e1d7693a9b181f1a3f3a5caa18b','2024-07-30 17:15:00',0),(852,22,20,'18934a1a90e86caefb7835ff320afa3c','2024-07-30 17:15:00',0),(853,22,18,'8d58fde939f609914d19f34864048e2b','2024-07-30 17:15:00',1),(854,22,19,'403281002258d19091e704f17a84216d','2024-07-30 17:15:00',0),(855,22,20,'84fc2ccf76a27e04a0b50092e44fec16','2024-07-30 17:15:00',0),(856,22,18,'d981c1e7c1eee77ab489df4557b09d00','2024-07-30 17:15:00',1),(857,22,19,'d5189940eb02e80adfa7aaaa596da497','2024-07-30 17:15:00',0),(858,22,20,'e386fc2a637600433ecedfa6c2f0d9a5','2024-07-30 17:15:00',0),(859,22,18,'16319a5e05fcc0fa4a649a1cf89ed6f3','2024-07-30 17:15:00',1),(860,22,19,'0d2ef83a4a709ef19822432eb735a7e8','2024-07-30 17:15:00',0),(861,22,20,'5ab6d36959d4711a7167cc78c2988a35','2024-07-30 17:15:00',0),(862,22,18,'b6112773f60c0100f74e5dafd8296ad5','2024-07-30 17:15:00',1),(863,22,19,'e42b99a30c9fcfdc2a6918583155eebc','2024-07-30 17:15:00',0),(864,22,20,'5d86e2194714409db1d515ca0c03b420','2024-07-30 17:15:00',0),(865,22,18,'37c0e5502038e4cb5b71ad33b8942d9f','2024-07-30 17:15:00',1),(866,22,19,'5502cc3dab0320bf2a5573a7d4a40658','2024-07-30 17:15:00',0),(867,22,20,'5a7641be1df476ffbf644af7e844fc90','2024-07-30 17:15:00',0),(868,22,18,'0ce8ae3c278af003abcb8c29a4eefa24','2024-07-30 17:15:00',1),(869,22,19,'3e4ddfb2852504e0d6b4f308cb91ed2d','2024-07-30 17:15:00',0),(870,22,20,'ccd4d37e6936225b71d27f9cdf564c49','2024-07-30 17:15:00',0),(871,22,18,'dc6f343fe331df965048e5f88a950ab4','2024-07-30 17:15:00',1),(872,22,19,'4d761dba3b3312f26f087ba7d22a2e88','2024-07-30 17:15:00',0),(873,22,20,'6d246a3bbb8e28749dce6f8b5110c0ac','2024-07-30 17:15:00',0),(874,22,18,'422e41a66420888ad92dfc5bf3a1d9de','2024-07-30 17:15:00',1),(875,22,19,'148b1c23e2b56be729a152230e3e550a','2024-07-30 17:15:00',0),(876,22,20,'f4c0c32c5838822893fdade380f8584c','2024-07-30 17:15:00',0),(877,22,18,'c9ab6d91aad6b15eb159c203428796cc','2024-07-30 17:15:00',1),(878,22,19,'8db37070e50917851a3b02036e45c957','2024-07-30 17:15:00',0),(879,22,20,'23e4a4104c5617ef7ad909d6db012f39','2024-07-30 17:15:00',0),(880,22,18,'2019afee516dfebeb6cf7cbf801918dc','2024-07-30 17:15:00',1),(881,22,19,'c2b47295878b1a9cf23cd1b1150e15d1','2024-07-30 17:15:00',0),(882,22,20,'d1d417e45b87667ee465851cddf822f2','2024-07-30 17:15:00',0),(883,22,18,'e63b1b6dc263195f4b957b9bafcc758c','2024-07-30 17:15:00',1),(884,22,19,'cba3d55d1e3af4df1bebcae97a3d3dce','2024-07-30 17:15:00',0),(885,22,20,'f4a12ec06dabd4e0f4ae37d924df88de','2024-07-30 17:15:00',0),(886,22,18,'dfd7cab3ec5b3571a172674b4424ac21','2024-07-30 17:15:00',1),(887,22,19,'ee6ba8737b13fc89769d21cfc02f1c3b','2024-07-30 17:15:00',0),(888,22,20,'4f068cb4c388a6c11032282de6a3df54','2024-07-30 17:15:00',0),(889,22,18,'962ab7f9064cbf3009bca4f169eb1c6f','2024-07-30 17:15:00',1),(890,22,19,'31243953e02f9a1460e7ae726aabc859','2024-07-30 17:15:00',0),(891,22,20,'e81fae27de12f7b352fa639c8ff5a69d','2024-07-30 17:15:00',0),(892,22,18,'61a03918d6c8bc5a783402a21a667006','2024-07-30 17:15:00',1),(893,22,19,'5a54877681dcf9e33abbbbe86391b8bc','2024-07-30 17:15:00',0),(894,22,20,'b285db17d36ea022babfeeb7deb8aa23','2024-07-30 17:15:00',0),(895,22,18,'2a240c23c446d7b3d67ee4ddc13cb11c','2024-07-30 17:15:00',1),(896,22,19,'ead75a2bb9309b6ff7427b7cbaf6fbed','2024-07-30 17:15:00',0),(897,22,20,'8a9718441942d2634006dbdbd7fd42b0','2024-07-30 17:15:00',0),(898,22,18,'77b23715f9c5ddee177a2de7eea7e872','2024-07-30 17:15:00',1),(899,22,19,'e92f2ca0d522cc05918fe01b102eccb1','2024-07-30 17:15:00',0),(900,22,20,'a9b8f7da83ce38658d34928c82b94fee','2024-07-30 17:15:00',0),(901,22,18,'88728baedd0646d190d2e5e9e09798dd','2024-07-30 17:15:00',1),(902,22,19,'d23ae21c5a5a749367f8d14847d7e0a9','2024-07-30 17:15:00',0),(903,22,20,'171cdbc257e94f3f5aeae61ddba1d712','2024-07-30 17:15:00',0),(904,22,18,'14d31950151d7c36f12641438be02e16','2024-07-30 17:15:00',1),(905,22,19,'66f764f5dfe35bc8dadd7b9bf3923bd0','2024-07-30 17:15:00',0),(906,22,20,'44b511389cdd026688488998650671ff','2024-07-30 17:15:00',0),(907,22,18,'7e201c51f281ff1ea3123d078f8b597c','2024-07-30 17:15:00',1),(908,22,19,'93cede69816d69f01a4053835d6978a5','2024-07-30 17:15:00',0),(909,22,20,'0d2fa3cd5227b5399a28ab1e4e8b7e02','2024-07-30 17:15:00',0),(910,22,18,'33f743dc1981801d27f1cdb5d641dfc5','2024-07-30 17:15:00',1),(911,22,19,'384992efc42c75fd8e317125e59cab20','2024-07-30 17:15:00',0),(912,22,20,'59b925197cec27ee715eaea7fcac7f68','2024-07-30 17:15:00',0),(913,22,18,'8976edc718fa906b10a1b791be52b9e3','2024-07-30 17:15:00',1),(914,22,19,'dfb23833d3e2ffdb13c72bd790afac87','2024-07-30 17:15:00',0),(915,22,20,'88b9cdb02c0c3cc451fd537c14fa6719','2024-07-30 17:15:00',0),(916,22,18,'aa6a501926c87ccf82ee86e43123e0b2','2024-07-30 17:15:00',1),(917,22,19,'46bba093ddfb934ca0cb84893098f683','2024-07-30 17:15:00',0),(918,22,20,'15245635d356418d43440ec7574101b5','2024-07-30 17:15:00',0),(919,22,18,'78ad675caa128a3cd7e2fe61f2fc0783','2024-07-30 17:15:00',1),(920,22,19,'7f637e5e860f007f6f5953e5c3f9b96d','2024-07-30 17:15:00',0),(921,22,20,'72f570ef9a3a2d27eb696feb56a2e4c1','2024-07-30 17:15:00',0),(922,22,18,'b6b6e7a72c0c9389895db0c14195339b','2024-07-30 17:15:00',1),(923,22,19,'71132a19b95959a24de6966e120080b9','2024-07-30 17:15:00',0),(924,22,20,'23d9448020cc4c3ae4f6f63e62e2029b','2024-07-30 17:15:00',0),(925,22,18,'47c0c5e559acb804741c9fcfac6a0f45','2024-07-30 17:15:00',1),(926,22,19,'1f094afd954d33e8eb58b28796edd2a8','2024-07-30 17:15:00',0),(927,22,20,'161fb394b8d80411a2287783c6152887','2024-07-30 17:15:00',0),(928,22,18,'d18d16e344e018a7d0c4ec352ae8d120','2024-07-30 17:15:00',1),(929,22,19,'a32b8c9dea0447359272f7c2da2c3c4c','2024-07-30 17:15:00',0),(930,22,20,'ca35c12f50faa555f02f95fd919d1cf9','2024-07-30 17:15:00',0),(931,22,18,'5d8daa68df026352088c2485613c3920','2024-07-30 17:15:00',1),(932,22,19,'b9b7e9595826326c858c0da5b1a1dae0','2024-07-30 17:15:00',0),(933,22,20,'24644456e142f6dd9b58a68cdcd927a2','2024-07-30 17:15:00',0),(934,22,18,'fcd73bdc3092289b4853bb719666dc77','2024-07-30 17:15:00',1),(935,22,19,'41a11665ce8086040da3494d5f051d86','2024-07-30 17:15:00',0),(936,22,20,'0709311fbfd57f9b44adaf28da08c30a','2024-07-30 17:15:00',0),(937,22,18,'169587f795d0d5453859b0724712c6b2','2024-07-30 17:15:00',1),(938,22,19,'dda6d2feeea29fa3dd3fd75b4651e4e4','2024-07-30 17:15:00',0),(939,22,20,'169e30ad02aa1399fe1fb5aed83cdae6','2024-07-30 17:15:00',0),(940,22,18,'302736f18d8c6756c6a55a624a29ace0','2024-07-30 17:15:00',1),(941,22,19,'7dc1ae5d243c7d8b344faf1b068eedf7','2024-07-30 17:15:00',0),(942,22,20,'8fd3601f559bd4a14660991b1cc57eb9','2024-07-30 17:15:00',0),(943,22,18,'2194e580e0d93a0d563f8a7f372d161e','2024-07-30 17:15:00',1),(944,22,19,'c69db827ca7ffbf7ebc987a46d082cd3','2024-07-30 17:15:00',0),(945,22,20,'f5d9678f4eee240621eea27713b573b9','2024-07-30 17:15:00',0),(946,22,18,'2a2c772ced8890f4729defa6560e9051','2024-07-30 17:15:00',1),(947,22,19,'335977cd82d173a7df0a24a5f6f295c7','2024-07-30 17:15:00',0),(948,22,20,'9c69381f33380e52654f0aa8dd985b97','2024-07-30 17:15:00',0),(949,22,18,'9c3f9a916d6f898d634e1b8fd5380faa','2024-07-30 17:15:00',1),(950,22,19,'a6364af811d6fabf15acc35b677ed7ee','2024-07-30 17:15:00',0),(951,22,20,'e52f91cfaa6d293d21df10fd6b2ffca5','2024-07-30 17:15:00',0),(952,22,18,'a725d08ee725e8efa7bd8efa563c4ec7','2024-07-30 17:15:00',1),(953,22,19,'b4a09d87d637cc000626b818e25f2c78','2024-07-30 17:15:00',0),(954,22,20,'129a8010a4f6de6c75f049f3b860f2c9','2024-07-30 17:15:00',0),(955,22,18,'8a7d7b0caa1e9947442ee8cee5bd30db','2024-07-30 17:15:00',1),(956,22,19,'df1b6e1fce3e6a79aef5e13efd7e3808','2024-07-30 17:15:00',0),(957,22,20,'d5fb2dc207d5a72d128bf1fd7648f0e5','2024-07-30 17:15:00',0),(958,22,18,'2adc12a7240faff40a17e782ef596622','2024-07-30 17:15:00',1),(959,22,19,'47e0345f789d437fe91d7e17211adf37','2024-07-30 17:15:00',0),(960,22,20,'782480a5b3f1f75f69f8b7819b1a8b15','2024-07-30 17:15:00',0),(961,22,18,'75b8786777f0bc7051cbfb3719b4ff26','2024-07-30 17:15:00',1),(962,22,19,'32c6ae9524c835ee67241995f58d2ad9','2024-07-30 17:15:00',0),(963,22,20,'635f8a5e451c26b71428fbf093522784','2024-07-30 17:15:00',0),(964,22,18,'857f8262c244971bcf98de230e46820c','2024-07-30 17:15:00',1),(965,22,19,'c90934efefc93ea834468e3ea3f365c1','2024-07-30 17:15:00',0),(966,22,20,'fcb63d5ce3d62bbfd91c6e86446bc4f5','2024-07-30 17:15:00',0),(967,22,18,'27b1002d2f32149de73ad0541637899b','2024-07-30 17:15:00',1),(968,22,19,'44697c629780835c99bb1dcadd8f8e0e','2024-07-30 17:15:00',0),(969,22,20,'f650d6a1c6ca9794cf8855fa5ea8dfc9','2024-07-30 17:15:00',0),(970,22,18,'b1847954ac0aa9bc325fe88c997dc8dc','2024-07-30 17:15:00',1),(971,22,19,'a966cb26b7e1fca6ac2c2f591bb01ce5','2024-07-30 17:15:00',0),(972,22,20,'735cc149fb6aa6e6bc3755b06a13a77c','2024-07-30 17:15:00',0),(973,22,18,'0568ca77511dc8409fdbfa893e145126','2024-07-30 17:15:00',1),(974,22,19,'f764313d23c35acb53f8afc0116e0ea0','2024-07-30 17:15:00',0),(975,22,20,'8325c0340442a4641ff02bb11c5191e9','2024-07-30 17:15:00',0),(976,22,18,'f79cea66074c6be265889d3bdd822383','2024-07-30 17:15:00',1),(977,22,19,'394a7bcf6795a6a7b04dab527f4375cb','2024-07-30 17:15:00',0),(978,22,20,'82ffea9be8bae7f5e7a6cf19cdcd5ea5','2024-07-30 17:15:00',0),(979,22,18,'f25c0ccb14b14b8363f69bdf28877968','2024-07-30 17:15:00',1),(980,22,19,'34f33a61d57ad01d5c39f582d2694107','2024-07-30 17:15:00',0),(981,22,20,'24b3045da2b3ba340123015523292cc5','2024-07-30 17:15:00',0),(982,22,18,'1ecc9d131367bf63061833dd4f46e870','2024-07-30 17:15:00',1),(983,22,19,'56a16e5f9c8d7a4c5a480497482169c9','2024-07-30 17:15:00',0),(984,22,20,'3e4e30f48e0ea5a56dde8e704bf64c42','2024-07-30 17:15:00',0),(985,22,18,'92894e10774bbfb72cd4fcc751d5e307','2024-07-30 17:15:00',1),(986,22,19,'f0d65cfe6e4218650ddfd1664875c1cf','2024-07-30 17:15:00',0),(987,22,20,'31bae244ed057357a963459a242e9857','2024-07-30 17:15:00',0),(988,22,18,'2b5b95915e205cb213ed6d8b24bb44ca','2024-07-30 17:15:00',1),(989,22,19,'012d73b7ac9cb80d9ed5557df6a6e34e','2024-07-30 17:15:00',0),(990,22,20,'7a38a3438cc36b63cf56bddb5a00ca60','2024-07-30 17:15:00',0),(991,22,18,'7b6e48454696da382874b441d1ed5e78','2024-07-30 17:15:00',1),(992,22,19,'49b422e751a8ab73c8094acf6fdf505a','2024-07-30 17:15:00',0),(993,22,20,'72f746a8475ede591dc6b53f569881f0','2024-07-30 17:15:00',0),(994,22,18,'0d18d716ad5bcc4466e8e84ede3f7a13','2024-07-30 17:15:00',1),(995,22,19,'0adbb318154fbe6468cd601531f96d66','2024-07-30 17:15:00',0),(996,22,20,'8a8dd4e1c27f3f56f4bddf9b39f641e4','2024-07-30 17:15:00',0),(997,22,18,'831029fbaf0ed9b87164b0e4b6d86901','2024-07-30 17:15:00',1),(998,22,19,'e7f9f9447587e7d3e39019331bf12ca5','2024-07-30 17:15:00',0),(999,22,20,'6b29ff751a46a70ae0038bf5c7ab670d','2024-07-30 17:15:00',0),(1000,22,18,'4c9de63f6d0732a571cbea52a1783e0c','2024-07-30 17:15:00',1),(1001,22,19,'fcb7f5511003cfa84c274f108b09ff88','2024-07-30 17:15:00',0),(1002,22,20,'0c9e50e2839772ae79aab2e67a42b4e3','2024-07-30 17:15:00',0),(1003,22,18,'30a38a9a7b7250d3b47646a4311c9dc4','2024-07-30 17:15:00',1),(1004,22,19,'a0235f5c1f11f0e735e9dc9816c15074','2024-07-30 17:15:00',0),(1005,22,20,'d40e3f6c36e454dbda8f867c7bc1bab1','2024-07-30 17:15:00',0),(1006,22,18,'0e921c42e0f6fca4064670515f0395a2','2024-07-30 17:15:00',1),(1007,22,19,'ca75b6c3ee8085de3674cec7303e234d','2024-07-30 17:15:00',0),(1008,22,20,'1379a3ca2f61880257be978f66588291','2024-07-30 17:15:00',0),(1009,22,18,'fd240b917dea9ffe720b0a7beab3b082','2024-07-30 17:15:00',1),(1010,22,19,'dd9267eeccf2c2549a65f69b63de047d','2024-07-30 17:15:00',0),(1011,22,20,'53fbb22fb9b08d4c4273ec7c78bf514f','2024-07-30 17:15:00',0),(1012,22,18,'064958ce558f2a04c31f236b34e94930','2024-07-30 17:15:00',1),(1013,22,19,'4c364bcbd620c7c94c9fac200a6d4bfc','2024-07-30 17:15:00',0),(1014,22,20,'db2439040b22560db941f3c1a4b58f3b','2024-07-30 17:15:00',0),(1015,22,18,'764c9af1261ffeff0380b8b730d2e2b5','2024-07-30 17:15:00',1),(1016,22,19,'b9848e5e487884d6d827933e2de68aa2','2024-07-30 17:15:00',0),(1017,22,20,'871c09bcc956b2748ebf8205ad3b7dfa','2024-07-30 17:15:00',0),(1018,22,18,'5d1f1f85dde5506dc5d056d2622c71d3','2024-07-30 17:15:00',1),(1019,22,19,'9c3b419237302d0d0e1cffdee71b820f','2024-07-30 17:15:00',0),(1020,22,20,'a6d1185deb97feea1256414c198a5685','2024-07-30 17:15:00',0),(1021,22,18,'bf64cb396ff46ffdcc690c2a63acbc4c','2024-07-30 17:15:00',1),(1022,22,19,'5a20ace938f4cbc739a167b2c1b50751','2024-07-30 17:15:00',0),(1023,22,20,'e2117c71275e9d58579e2013fe5f3b8c','2024-07-30 17:15:00',0),(1024,22,18,'e7a6c3992aad4846af43028f0e9f5131','2024-07-30 17:15:00',1),(1025,22,19,'f87c58ace6399380c8e6fa7bd804c598','2024-07-30 17:15:00',0),(1026,22,20,'600dc5de0277fcd8f1756b215bd1b90a','2024-07-30 17:15:00',0),(1027,22,18,'60b813a3ac0abf6397ff2ac4abfbd358','2024-07-30 17:15:00',1),(1028,22,19,'23cb2234cd298226c16dc7dc747cc8ab','2024-07-30 17:15:00',0),(1029,22,20,'8d575d3f40be8aa9c5f1d9dde1ba0233','2024-07-30 17:15:00',0),(1030,22,18,'e593e0cebab0f5c0e1b5cc6218fea45c','2024-07-30 17:15:00',1),(1031,22,19,'df48c3ac7d742edb5c63eeb527d3aa9a','2024-07-30 17:15:00',0),(1032,22,20,'df618665a6988c112ed462ee9d2f255b','2024-07-30 17:15:00',0),(1033,22,18,'bd13ac3c2bdd1c191f67bbe477e3c77c','2024-07-30 17:15:00',1),(1034,22,19,'597b909931bb2f4a58d9a050c93db270','2024-07-30 17:15:00',0),(1035,22,20,'0332d2b2ab77bda688ba12a77d2beee0','2024-07-30 17:15:00',0),(1036,22,18,'41aaf152f631784e9e422153dfd76dd9','2024-07-30 17:15:00',1),(1037,22,19,'ad7326a77d6620893f634aef032853f8','2024-07-30 17:15:00',0),(1038,22,20,'e97cb06c0ca81b7358f924357cef2c63','2024-07-30 17:15:00',0),(1039,22,18,'ff672af51c7c85af1352d6c8f26f9749','2024-07-30 17:15:00',1),(1040,22,19,'6e2bb2a57bd253c5ed5b5cf0ff6b08bf','2024-07-30 17:15:00',0),(1041,22,20,'c2115a58862a64d1c91e34ba8632a610','2024-07-30 17:15:00',0),(1042,22,18,'8dc83fb3d2ef06a3ae1486122ed7b8a3','2024-07-30 17:15:00',1),(1043,22,19,'dc42269d6e99fb6b3584cafcef9e7c38','2024-07-30 17:15:00',0),(1044,22,20,'95c55c04440f146478a47498667ef447','2024-07-30 17:15:00',0),(1045,22,18,'7fdfc7fe51c56779c1b76fad8c56bb79','2024-07-30 17:15:00',1),(1046,22,19,'6ed95bb8bbc4807d3079e809ba3349d7','2024-07-30 17:15:00',0),(1047,22,20,'c1860a0aa8b945c42c91ceab4e9006dd','2024-07-30 17:15:00',0),(1048,22,18,'00a41f65d29fc34d0b1814b748360548','2024-07-30 17:15:00',1),(1049,22,19,'acc2eba69325d720ac6931eae6e93632','2024-07-30 17:15:00',0),(1050,22,20,'d2cfd8c984ac98261415dec02be8156c','2024-07-30 17:15:00',0),(1051,22,18,'c709c70cadaa3da991c747344051c262','2024-07-30 17:15:00',1),(1052,22,19,'4c9d2f92f1de49b809ce89cf7167920c','2024-07-30 17:15:00',0),(1053,22,20,'8597864687323a906ff66ca70164865b','2024-07-30 17:15:00',0),(1054,22,18,'b00804ab7674ac1f682e779dd1cb9f14','2024-07-30 17:15:00',1),(1055,22,19,'56e06440d6ca588b8b78044dc5d599a4','2024-07-30 17:15:00',0),(1056,22,20,'0b9d814fc3fd6c9e9a1afba7e50d45ed','2024-07-30 17:15:00',0),(1057,22,18,'16adfa0201230994feb840dc26c2b8d5','2024-07-30 17:15:00',1),(1058,22,19,'171c3ca2944aed4cb9a3ab428bf192fe','2024-07-30 17:15:00',0),(1059,22,20,'7d0cca3aa05e73f426196a0801ae0d8b','2024-07-30 17:15:00',0),(1060,22,18,'8e9b96bd5796d91bffb779b7e0721030','2024-07-30 17:15:00',1),(1061,22,19,'4dde1d76350d6e8669461f7e277187c3','2024-07-30 17:15:00',0),(1062,22,20,'9364bb6003ef86922c201d6d3205b889','2024-07-30 17:15:00',0),(1063,22,18,'766c464bfaef5004be6f421f7ae679ff','2024-07-30 17:15:00',1),(1064,22,19,'ef3e31f36fb018e35e3f283f25562951','2024-07-30 17:15:00',0),(1065,22,20,'79a71806a10aaa1cb4f82db385b4007a','2024-07-30 17:15:00',0),(1066,22,18,'6f4c59b18ae0c9bfbfc277bb11d8818e','2024-07-30 17:15:00',1),(1067,22,19,'20d810ac98128b34cd70f972c75be100','2024-07-30 17:15:00',0),(1068,22,20,'1bb5f84af0f9fd04be7d416213df3c85','2024-07-30 17:15:00',0),(1069,22,18,'caf8374c13b2373ca3d9d08773e72883','2024-07-30 17:15:00',1),(1070,22,19,'e4585b74f8691dedad08a400268cd92f','2024-07-30 17:15:00',0),(1071,22,20,'5b8d4c866df86929c42c9a17edcd52c2','2024-07-30 17:15:00',0),(1072,22,18,'e0741314bd7f24f4f861b89b6bdd99af','2024-07-30 17:15:00',1),(1073,22,19,'a2563e1a5233a9b40bf7aa8d0e4c5966','2024-07-30 17:15:00',0),(1074,22,20,'5ca915c2bf42ef5dc8b946bb13436d43','2024-07-30 17:15:00',0),(1075,22,18,'4bc30857f93315fc6fc9077007ada883','2024-07-30 17:15:00',1),(1076,22,19,'b6767da2d4d51f1eb0d0f2d4c35d3d72','2024-07-30 17:15:00',0),(1077,22,20,'ab5090cf8eb77e31f61cbe5c7b17cd78','2024-07-30 17:15:00',0),(1078,22,18,'d9db764e99bedaf7e3553cb562ebbbae','2024-07-30 17:15:00',1),(1079,22,19,'1727364b92091e640d50b3b69a2d162b','2024-07-30 17:15:00',0),(1080,22,20,'d05fb3cda7f8d8a8208ac26bac5fcea0','2024-07-30 17:15:00',0),(1081,22,18,'8ad0f14972bd74bbed599a2988c03806','2024-07-30 17:15:00',1),(1082,22,19,'a13170d3da0ca299d99c7f688dde0864','2024-07-30 17:15:00',0),(1083,22,20,'c0338fbdfb6ab745af7105df1d425ed2','2024-07-30 17:15:00',0),(1084,22,18,'95a27d5299889b7ad3d9c6a86827d197','2024-07-30 17:15:00',1),(1085,22,19,'cefb8c2a16853a0665a420df5d592d5c','2024-07-30 17:15:00',0),(1086,22,20,'0af4e8956d4757d3cbb574b7603bafe5','2024-07-30 17:15:00',0),(1087,22,18,'47164d1f9dc9d111056dcbfcbdc05bff','2024-07-30 17:15:00',1),(1088,22,19,'aa369e5df381f76663d495dc24aa8bfc','2024-07-30 17:15:00',0),(1089,22,20,'5f71a461e47a920da38bb56b98512357','2024-07-30 17:15:00',0),(1090,22,18,'03316374ff3d7d0374247985a6af115f','2024-07-30 17:15:00',1),(1091,22,19,'6dfa6c81504e50484e917004cbc8ddbb','2024-07-30 17:15:00',0),(1092,22,20,'deb5c160128ed1999e3b6308b29ad3da','2024-07-30 17:15:00',0),(1093,22,18,'5d8cd6109d41a0c2a61f5e257c78f348','2024-07-30 17:15:00',1),(1094,22,19,'66f5127025094bc815493767d7babce7','2024-07-30 17:15:00',0),(1095,22,20,'3dc2ef6f4787a9826ecb80f5673491a4','2024-07-30 17:15:00',0),(1096,22,18,'c9d00d6245bf5970c1af9d67bab04c27','2024-07-30 17:15:00',1),(1097,22,19,'025ebe523202aa2bed62a06415826efd','2024-07-30 17:15:00',0),(1098,22,20,'a4578617194a742a92e6509d69f6e9a3','2024-07-30 17:15:00',0),(1099,22,18,'e0945e938bb9087aafc8f3e5ef6bd32d','2024-07-30 17:15:00',1),(1100,22,19,'d01f34a1484019337ca826c1c502f827','2024-07-30 17:15:00',0),(1101,22,20,'72808e5d97c6d97982105b3f66a2327e','2024-07-30 17:15:00',0),(1102,22,18,'94d4628e062f4c933770605826a98de9','2024-07-30 17:15:00',1),(1103,22,19,'88fbaa4d88aa9f3edb10326540399477','2024-07-30 17:15:00',0),(1104,22,20,'a0fd372871a54d95b7f388a3093e3078','2024-07-30 17:15:00',0),(1105,22,18,'682e42d500b484283abf8422f63841b9','2024-07-30 17:15:00',1),(1106,22,19,'b22ac1ff2f65c62db64f4a1b03192d91','2024-07-30 17:15:00',0),(1107,22,20,'f5ffbd40173c1227e64f39eac1d4cdac','2024-07-30 17:15:00',0),(1108,22,18,'827c612f19ce2e4afb168a9b8be0dbe0','2024-07-30 17:15:00',1),(1109,22,19,'b365ee5e2ba687484848e0551962fb59','2024-07-30 17:15:00',0),(1110,22,20,'601fd802665b7760052d4f97562df07e','2024-07-30 17:15:00',0),(1111,22,18,'0848da7092ad1856cb792624fbeb18c4','2024-07-30 17:15:00',1),(1112,22,19,'75955fcd4d2ce9d5924d1d5e26054cfe','2024-07-30 17:15:00',0),(1113,22,20,'d76cd45bbcc5f5303beca19b46542364','2024-07-30 17:15:00',0),(1114,22,18,'58b45dc50c531be2509831285ce1cee6','2024-07-30 17:15:00',1),(1115,22,19,'89d48b1947fe1de6cee57e339bbe86bd','2024-07-30 17:15:00',0),(1116,22,20,'7eafb05f432adbe3da4441ef590c922c','2024-07-30 17:15:00',0),(1117,22,18,'0f1fa0b8226827b4782385c2543e4b58','2024-07-30 17:15:00',1),(1118,22,19,'8c09b4863adab279442be5b86b8ed45d','2024-07-30 17:15:00',0),(1119,22,20,'ea7a4afb32e2ee61b0d16c1a574fddcc','2024-07-30 17:15:00',0),(1120,22,18,'8ae447c46533ef0acac881c974a52c35','2024-07-30 17:15:00',1),(1121,22,19,'66406c34601144cb5f8103c9a8f20a67','2024-07-30 17:15:00',0),(1122,22,20,'a34cd7f751fca2aaf977f442da1e69e1','2024-07-30 17:15:00',0),(1123,22,18,'b670645f1520bb035c3a3c998eb16e46','2024-07-30 17:15:00',1),(1124,22,19,'450e808ed352542e29380cff688a0214','2024-07-30 17:15:00',0),(1125,22,20,'15ee5b5ea40d6d1f9eb2695a5fb21be4','2024-07-30 17:15:00',0),(1126,22,18,'c4f8b0a506d391a3551148e272372912','2024-07-30 17:15:00',1),(1127,22,19,'4e4315b6e55e52c85fbca918b2529d50','2024-07-30 17:15:00',0),(1128,22,20,'2ca9035cabe4aff8d19954258b976706','2024-07-30 17:15:00',0),(1129,22,18,'8913aeaa43812e40339410c13fb812e9','2024-07-30 17:15:00',1),(1130,22,19,'d465e688b4c43a48252f9bbb76973bdb','2024-07-30 17:15:00',0),(1131,22,20,'76cfe8386db4ac8bef059aef59198ac5','2024-07-30 17:15:00',0),(1132,22,18,'60fda4daa45dc8e6d033c2a2c36d711d','2024-07-30 17:15:00',1),(1133,22,19,'3deb0032b867161d07fb73d231d746cc','2024-07-30 17:15:00',0),(1134,22,20,'7ec14b91e02b0370525003c5c5b00e6b','2024-07-30 17:15:00',0),(1135,22,18,'c4afeed9d88e1c9c565aeefd2cb1b655','2024-07-30 17:15:00',1),(1136,22,19,'28a5772d00b80651bf2e94d2a1c434ac','2024-07-30 17:15:00',0),(1137,22,20,'f9d0fe22db3b8d0c063f131d7514f5dc','2024-07-30 17:15:00',0),(1138,22,18,'9edbed3f8c4d3eb663b611436dd07e5d','2024-07-30 17:15:00',1),(1139,22,19,'2b6774e432d01430fa2b8ef6ad8363f5','2024-07-30 17:15:00',0),(1140,22,20,'d05fdcbc46a118143958045d5bbc093e','2024-07-30 17:15:00',0),(1141,22,18,'9ccc2b627bd84fae8535746bbc30674d','2024-07-30 17:15:00',1),(1142,22,19,'8207741eab55173f4dec07c91b54e7be','2024-07-30 17:15:00',0),(1143,22,20,'3eb28815a447fe91bbb1839b8f397e8c','2024-07-30 17:15:00',0),(1144,22,18,'6e7cb6b3f11eef43c4d0d032cf0728e1','2024-07-30 17:15:00',1),(1145,22,19,'4c62480bc7b6e9ce131a3c7badb5d9a8','2024-07-30 17:15:00',0),(1146,22,20,'707fc51b27a18caad5b86414a2435840','2024-07-30 17:15:00',0),(1147,22,18,'bc6f3ce95c8e5d30889b410f46278fb1','2024-07-30 17:15:00',1),(1148,22,19,'3a890901c4da7a4a07e58d85aa44e842','2024-07-30 17:15:00',0),(1149,22,20,'5be47395e0aafe4f428105c2f0a16a91','2024-07-30 17:15:00',0),(1150,22,18,'bd99e3d51783b2c5147758401d71207b','2024-07-30 17:15:00',1),(1151,22,19,'7e8453bf87860e5c636775b6167186f3','2024-07-30 17:15:00',0),(1152,22,20,'7cf1375f5985861b76776d2d8071a2e5','2024-07-30 17:15:00',0),(1153,22,18,'3461136b04dcaa4b9620241cc4617130','2024-07-30 17:15:00',1),(1154,22,19,'d41986c2284d3462b87910c87edf40f3','2024-07-30 17:15:00',0),(1155,22,20,'ef9cafe85a0b2eeb816c8477ff3b6039','2024-07-30 17:15:00',0),(1156,22,18,'0fd31f8dbc2f37da00be2eabd95b21cd','2024-07-30 17:15:00',1),(1157,22,19,'88cb0fa9146db9a23018a12cbbbc2628','2024-07-30 17:15:00',0),(1158,22,20,'1d4372048c538db9385ebef5cef2266e','2024-07-30 17:15:00',0),(1159,22,18,'847786492b1324db510d03fedd73970f','2024-07-30 17:15:00',1),(1160,22,19,'919c419ad7c6ffa04b1dad1ef1548419','2024-07-30 17:15:00',0),(1161,22,20,'9f9e3c80b60f4c048a7f90912f72ee00','2024-07-30 17:15:00',0),(1162,22,18,'46cd2d37beb48a6bf02dcc03f34dad14','2024-07-30 17:15:00',1),(1163,22,19,'c69158f14da1d69ccda02d529268f3e1','2024-07-30 17:15:00',0),(1164,22,20,'29a6d96d16b15d3053b4059c7d15cdcb','2024-07-30 17:15:00',0),(1165,22,18,'ad646ddc9fd6d96b57f62a2dd360d98a','2024-07-30 17:15:00',1),(1166,22,19,'58f0f30a084293d52b8e5d89dcd68055','2024-07-30 17:15:00',0),(1167,22,20,'583a956c811c4660d60bc5dfda3ad4ed','2024-07-30 17:15:00',0),(1168,22,18,'489143b3c3a76caf964bf0741a5683d4','2024-07-30 17:15:00',1),(1169,22,19,'1046d1c7b85ba694982f5335673f1c50','2024-07-30 17:15:00',0),(1170,22,20,'c7bbc0299d07f31525b0fa9131b39627','2024-07-30 17:15:00',0),(1171,22,18,'e3512a8d76f765105d3c1790dc9ea8a0','2024-07-30 17:15:00',1),(1172,22,19,'eff240a1dbde4e07e92ccd665df430d1','2024-07-30 17:15:00',0),(1173,22,20,'5466aaf6d286bf6dff59b5dcf882a8d7','2024-07-30 17:15:00',0),(1174,22,18,'41820cd43ab93d7e343c927b2f936bea','2024-07-30 17:15:00',1),(1175,22,19,'dff2a6c490823dd10982cd5b5ba65c83','2024-07-30 17:15:00',0),(1176,22,20,'6d019c025c85c0062cad8c865d896300','2024-07-30 17:15:00',0),(1177,22,18,'7685b9949dda369d2b428d1ee0bdd01a','2024-07-30 17:15:00',1),(1178,22,19,'7efe87913654b20d53a7d55ea9a8cf05','2024-07-30 17:15:00',0),(1179,22,20,'693ada13c9b77949dee9732210e47d1f','2024-07-30 17:15:00',0),(1180,22,18,'a58448271c13ea5dd0b49032537dc1a5','2024-07-30 17:15:00',1),(1181,22,19,'2cdefc55f0d9e2cfb7b44946db0a8ae2','2024-07-30 17:15:00',0),(1182,22,20,'5696cdf748aaf1c7eb5c3696b7fb4e98','2024-07-30 17:15:00',0),(1183,22,18,'47738e434534448728a4a07e2a286887','2024-07-30 17:15:00',1),(1184,22,19,'65e1ced0644158cc9da800961495183d','2024-07-30 17:15:00',0),(1185,22,20,'91bb422cde5f15498ae4fd6f1a3d7744','2024-07-30 17:15:00',0),(1186,22,18,'0c45f19599a0c76b5e1844105b5423f7','2024-07-30 17:15:00',1),(1187,22,19,'2211a3625de10af32d51c8076ced2a91','2024-07-30 17:15:00',0),(1188,22,20,'cf39dc77a3797533f960e5e60820e973','2024-07-30 17:15:00',0),(1189,22,18,'571910b6890a884e1f45394e9538b308','2024-07-30 17:15:00',1),(1190,22,19,'3e48537fdb0f5718de30b2e928cbd87e','2024-07-30 17:15:00',0),(1191,22,20,'e7e31006774abb5634c7cf08578f1530','2024-07-30 17:15:00',0),(1192,22,18,'b7bc09ca6b8e0a0ceb62423ec81b7f0d','2024-07-30 17:15:00',1),(1193,22,19,'a25877258dc4cc15004ee8f7dfbfb4ab','2024-07-30 17:15:00',0),(1194,22,20,'823b5bc336170ed021400a19d9c007e9','2024-07-30 17:15:00',0),(1195,22,18,'a885c55c5b73b91c4ce8b1a5291d329e','2024-07-30 17:15:00',1),(1196,22,19,'11b91c4b1ccfb4d7d1177ecedc0ff5cf','2024-07-30 17:15:00',0),(1197,22,20,'bb5828a078f8e162af24e9f4756dba9c','2024-07-30 17:15:00',0),(1198,22,18,'aa8088f72f2ac155c48493e2d81207a6','2024-07-30 17:15:00',1),(1199,22,19,'eb533eaff3c9a0e5ec7dfd9ee038a324','2024-07-30 17:15:00',0),(1200,22,20,'71168e90311b4ba6c77871f2a9cbb8c2','2024-07-30 17:15:00',0),(1201,22,18,'d1c1781bd03c95f56ccf3092705a6b52','2024-07-30 17:15:00',1),(1202,22,19,'11d89f0a2d17bb5ffd30af637f7d4c0d','2024-07-30 17:15:00',0),(1203,22,20,'62467c2b2c0787b8fd3698fa4d5c7dc6','2024-07-30 17:15:00',0),(1204,22,18,'cb3dd4146fe6faf8f7bbfea8dfa1ae8e','2024-07-30 17:15:00',1),(1205,22,19,'ee228024e8f86f013a02ce7970ef0cfb','2024-07-30 17:15:00',0),(1206,22,20,'ae04a9a27355098de61c54cb12958712','2024-07-30 17:15:00',0),(1207,22,18,'3fad0109cfda3077d0ac0d855413da64','2024-07-30 17:15:00',1),(1208,22,19,'ffd8fb62b2a6d06b3a81a53d92e7bf23','2024-07-30 17:15:00',0),(1209,22,20,'b4d49e1c2d8e3bbeb22dcb0ce41f78ab','2024-07-30 17:15:00',0),(1210,22,18,'34e961d6451ea865fa11815c64536daf','2024-07-30 17:15:00',1),(1211,22,19,'1a3916beceb8ef31668e7dd2165fdd1c','2024-07-30 17:15:00',0),(1212,22,20,'d2ebe910d1a7c1ce9b747fe66e670e44','2024-07-30 17:15:00',0),(1213,22,18,'05e6b4981cf13b1106572900add58e40','2024-07-30 17:15:00',1),(1214,22,19,'193e02f561021e6ee7aefe62a2668dae','2024-07-30 17:15:00',0),(1215,22,20,'a0fe0432a060c53c58179be90a50938c','2024-07-30 17:15:00',0),(1216,22,18,'4e10c842977f8924df9750e18238bd4e','2024-07-30 17:15:00',1),(1217,22,19,'a9cc1897fe2162bc922631ad7e9acc2e','2024-07-30 17:15:00',0),(1218,22,20,'e22e643bb2ad817f5767dd0d0a977a30','2024-07-30 17:15:00',0),(1219,22,18,'4e5a5276c8377fa6338c9063da5408ad','2024-07-30 17:15:00',1),(1220,22,19,'a9806b0347f4724a536b625c0dd6df60','2024-07-30 17:15:00',0),(1221,22,20,'2edc5c004ef2547c1e3c1127d75081a4','2024-07-30 17:15:00',0),(1222,22,18,'26ceccd5e7ad489050b9df9832e7176c','2024-07-30 17:15:00',1),(1223,22,19,'bedd043a20f82ba512958436d541dfe2','2024-07-30 17:15:00',0),(1224,22,20,'5f1b56c07044357784f8597187f43ac9','2024-07-30 17:15:00',0),(1225,22,18,'e2c4fd50371a53ba1189205c134b95ac','2024-07-30 17:15:00',1),(1226,22,19,'382f785624cba8467fc61d27d1130227','2024-07-30 17:15:00',0),(1227,22,20,'28cb99403d9cefc06032e8329cc68f55','2024-07-30 17:15:00',0),(1228,22,18,'8a9c32599a249f2d53fe09e151518a0a','2024-07-30 17:15:00',1),(1229,22,19,'fc01a39765aea674eca48110de075fe9','2024-07-30 17:15:00',0),(1230,22,20,'419056d7d36e8db94066e128c8419171','2024-07-30 17:15:00',0),(1231,22,18,'60b3121e9cdf8c7afe141157c12b932a','2024-07-30 17:15:00',1),(1232,22,19,'3a894dc7a8bdd7202c3998252f0ca6f8','2024-07-30 17:15:00',0),(1233,22,20,'6a0820b8734092edf1a21f72c2a9a0a7','2024-07-30 17:15:00',0),(1234,22,18,'8cfadaf8df6b6c0493b844b9ab4d7b67','2024-07-30 17:15:00',1),(1235,22,19,'4dbac923fba8d7d3fbef53126b5cca1f','2024-07-30 17:15:00',0),(1236,22,20,'3e7dceb4d97689a4e7ecaeeda6a8e87d','2024-07-30 17:15:00',0),(1237,22,18,'f8ba4fa43cf451441d97fe1d885c1a7e','2024-07-30 17:15:00',1),(1238,22,19,'5fdfb404ef43bcd2398f7612c8aa2c8c','2024-07-30 17:15:00',0),(1239,22,20,'9dbb5791eecb04f120d4d7572e58b8c1','2024-07-30 17:15:00',0),(1240,22,18,'c5fd04a370ad9f583ceed0f31fc598b4','2024-07-30 17:15:00',1),(1241,22,19,'0d4faf84b496671eb93d98057618ac43','2024-07-30 17:15:00',0),(1242,22,20,'9497a292ed6805aaafde369e6d630081','2024-07-30 17:15:00',0),(1243,22,18,'0e60ae4169d10f999cd942083690e23f','2024-07-30 17:15:00',1),(1244,22,19,'ec8454eb9b50573bdfb677735d55bbec','2024-07-30 17:15:00',0),(1245,22,20,'b9f64c874a83020169535946ed01e7af','2024-07-30 17:15:00',0),(1246,22,18,'67e3e741ffd8193af10452ebb51103c0','2024-07-30 17:15:00',1),(1247,22,19,'660b00a3be073c0499b63aa41d3a3a60','2024-07-30 17:15:00',0),(1248,22,20,'33c9f771fbb812133f5c73959ee1be0f','2024-07-30 17:15:00',0),(1249,22,18,'07201f19235b087533e7b800a6dfa0b1','2024-07-30 17:15:00',1),(1250,22,19,'bc84a3bb50711cb0dfc9ee0c7d5baf12','2024-07-30 17:15:00',0),(1251,22,20,'8d9d1a56b7b0971481d47a84ae4d1add','2024-07-30 17:15:00',0),(1252,22,18,'0c51615ff59f4067ccf863c3f04f4aec','2024-07-30 17:15:00',1),(1253,22,19,'c39b52070a5cfb7b5db8e61817418287','2024-07-30 17:15:00',0),(1254,22,20,'b993e5cbc15d37233b19f732b83c4e2e','2024-07-30 17:15:00',0),(1255,22,18,'ffab03885c7f260a8eeced2ac86be10f','2024-07-30 17:15:00',1),(1256,22,19,'903527247c12f4bdcb7f1827ec1b5a0a','2024-07-30 17:15:00',0),(1257,22,20,'ace72f7dbede4aa4a58924df2d81f7b5','2024-07-30 17:15:00',0),(1258,22,18,'2aeaaac07f8aca9cff522e2c52a89815','2024-07-30 17:15:00',1),(1259,22,19,'d9b3a4631534bd23602f78be160058a6','2024-07-30 17:15:00',0),(1260,22,20,'a5ee9a9194ce9540ef9311b583180449','2024-07-30 17:15:00',0),(1261,22,18,'dadbc0a6fb29993d8e4e85362291e87b','2024-07-30 17:15:00',1),(1262,22,19,'a250d7be074d4e0b1a9e8de59e0a6153','2024-07-30 17:15:00',0),(1263,22,20,'8767509ab27a2c977bd85a75ca0dc303','2024-07-30 17:15:00',0),(1264,22,18,'21fa048b35861393d53d1d7b08012509','2024-07-30 17:15:00',1),(1265,22,19,'4bdfbb1ffe7b61a6adb80dda057d30ed','2024-07-30 17:15:00',0),(1266,22,20,'06a21c6bae382b4ee52dbb7fbeb14610','2024-07-30 17:15:00',0),(1267,22,18,'4a21531a506782e3dc96c3ea67acb45a','2024-07-30 17:15:00',1),(1268,22,19,'d5b39808d111e9313aa9b59e54034996','2024-07-30 17:15:00',0),(1269,22,20,'f457a13c892c94d2bedb6ce49cb58387','2024-07-30 17:15:00',0),(1270,22,18,'976affd17f51385e09bcaa89e24073a9','2024-07-30 17:15:00',1),(1271,22,19,'5f1e1e70f462b451cc70b1c6ef29305b','2024-07-30 17:15:00',0),(1272,22,20,'045934e223f5d3d2cbef5d4cce649d58','2024-07-30 17:15:00',0),(1273,22,18,'2d8b9c664472aa9b8f79f72ff5f837ef','2024-07-30 17:15:00',1),(1274,22,19,'a027759f687af79cd5410ddd9291c7ac','2024-07-30 17:15:00',0),(1275,22,20,'c71d78146b38a92235c27ee9727025af','2024-07-30 17:15:00',0),(1276,22,18,'3f1527b93654cd66e042763e0bcec6b1','2024-07-30 17:15:00',1),(1277,22,19,'c95e75d516337bcf64a5e249e56ee061','2024-07-30 17:15:00',0),(1278,22,20,'09c8e7534522a3cc5d9b8b5b94ab4081','2024-07-30 17:15:00',0),(1279,22,18,'ef7854ef85f87eb6779472613021b982','2024-07-30 17:15:00',1),(1280,22,19,'e152146ac2def8ebca45ed0ab9681ba5','2024-07-30 17:15:00',0),(1281,22,20,'804f69a60aa2ce75c01015a3bea2d113','2024-07-30 17:15:00',0),(1282,22,18,'e0c98a3eefa7b5eba73c084add91289f','2024-07-30 17:15:00',1),(1283,22,19,'202c5952cc695c35b1420fc0d3656f53','2024-07-30 17:15:00',0),(1284,22,20,'59096d86b0dfc31639921f1ac374f0b0','2024-07-30 17:15:00',0),(1285,22,18,'a14bab1a2a054a867b8ee9d29b3b8569','2024-07-30 17:15:00',1),(1286,22,19,'09e41070592071ff28c9a17cefb8b90e','2024-07-30 17:15:00',0),(1287,22,20,'03d0c9fca84d798ad2670401d8d8f109','2024-07-30 17:15:00',0),(1288,22,18,'38c0566b3af721dfa03f8787eccf706d','2024-07-30 17:15:00',1),(1289,22,19,'e4d9578bce7cc653a3745b35bafa0141','2024-07-30 17:15:00',0),(1290,22,20,'5d9f59d45059622faa180128ac3721cc','2024-07-30 17:15:00',0),(1291,22,18,'316749f3fad51acf72da6cf02fba46a4','2024-07-30 17:15:00',1),(1292,22,19,'cccd38fbf8caddcf07f3098cbbfcf95f','2024-07-30 17:15:00',0),(1293,22,20,'5a43953c9a33ff2c01db17d3086fa4c5','2024-07-30 17:15:00',0),(1294,22,18,'d47652dc19d7310f38d33d1a1e2d0543','2024-07-30 17:15:00',1),(1295,22,19,'daff1901c5601dec9e3a3fbc318e3d6f','2024-07-30 17:15:00',0),(1296,22,20,'0b68a0d56f7dec0168e60a2ff274ff1f','2024-07-30 17:15:00',0),(1297,22,18,'8bd77a3d2057dcce8d965987e1b7a33f','2024-07-30 17:15:00',1),(1298,22,19,'9adc20a6687ed0101b57e34defcb31b7','2024-07-30 17:15:00',0),(1299,22,20,'2d927ecff6fd4060ce1cb777d674561f','2024-07-30 17:15:00',0),(1300,22,18,'d5f5aa75c77c079799ea86635af38398','2024-07-30 17:15:00',1),(1301,22,19,'5c7199e4785b7571cc9cb55f9af3577f','2024-07-30 17:15:00',0),(1302,22,20,'b4a0e160cb37ac670a09849c4a13aba6','2024-07-30 17:15:00',0),(1303,22,18,'3c812236eca0f936ef6cb21206715717','2024-07-30 17:15:00',1),(1304,22,19,'2d8867eba563bc628d68b12a1c89e33d','2024-07-30 17:15:00',0),(1305,22,20,'c0edb1857a57abedb1404d7ae0d7896e','2024-07-30 17:15:00',0),(1306,22,18,'5401d1a9e1db8ae6543fb010ac44916e','2024-07-30 17:15:00',1),(1307,22,19,'b0201e31e13bfdafa8d958a5070702d4','2024-07-30 17:15:00',0),(1308,22,20,'9900ef62af61d85dae60face8d1bd7ce','2024-07-30 17:15:00',0),(1309,22,18,'f27c9681759156e9710e469ad8e178b3','2024-07-30 17:15:00',1),(1310,22,19,'a24b60b3a0252a02a97dd31e5788c608','2024-07-30 17:15:00',0),(1311,22,20,'1be8c5f47249e049a4e3eddf42da13b1','2024-07-30 17:15:00',0),(1312,22,18,'6ca16499cc9cd6ba9bb638c7ce3e4173','2024-07-30 17:15:00',1),(1313,22,19,'46039810891d64ef4e3e9fbec8e0dab7','2024-07-30 17:15:00',0),(1314,22,20,'caa4c6f21b5a9b6fab5b75aad2687f18','2024-07-30 17:15:00',0),(1315,22,18,'798a3e5fe39d7ca482d6790f61e878cc','2024-07-30 17:15:00',1),(1316,22,19,'0f777a7e87400d83333d3a25e507880f','2024-07-30 17:15:00',0),(1317,22,20,'26edac312653a67c1b0516e97d4b7748','2024-07-30 17:15:00',0),(1318,22,18,'9ed70c33a716898db1b92f2f6cbb1fc5','2024-07-30 17:15:00',1),(1319,22,19,'c5ab7a09e067e7cf6eebd337ff1e336e','2024-07-30 17:15:00',0),(1320,22,20,'d604e5a908aec9f70181d1ddb0d8cd96','2024-07-30 17:15:00',0),(1321,22,18,'bdb691fba020f2f868223482c6684b8b','2024-07-30 17:15:00',1),(1322,22,19,'360529142b1d8b2dc8d61aa9fdf68dea','2024-07-30 17:15:00',0),(1323,22,20,'41d3bf96415333918819c967dbfc8e2e','2024-07-30 17:15:00',0),(1324,22,18,'c27ebf90c8d20d102dfca4440695f568','2024-07-30 17:15:00',1),(1325,22,19,'a6730ea485d7ff3704de21c9917ae664','2024-07-30 17:15:00',0),(1326,22,20,'bda31b9b8362519a8622a6d0dfe46180','2024-07-30 17:15:00',0),(1327,22,18,'c74a379a56d960b6d90b8395e55c6c32','2024-07-30 17:15:00',1),(1328,22,19,'7f9cae4905d8c05d321748658fb4a2cb','2024-07-30 17:15:00',0),(1329,22,20,'792eb0b7ac6b04d8f08a163db0d9aee9','2024-07-30 17:15:00',0),(1330,22,18,'4cc3ff2763a375f1f1aa5f61bcbd587e','2024-07-30 17:15:00',1),(1331,22,19,'80b8b59b7dd7931d93e8364cb4aaeac5','2024-07-30 17:15:00',0),(1332,22,20,'923a3692c6c8a9969da24a34fad079c1','2024-07-30 17:15:00',0),(1333,22,18,'92654fcf85308d17760649fe82ee5b88','2024-07-30 17:15:00',1),(1334,22,19,'216fb78204ddc991bad83c75ee177982','2024-07-30 17:15:00',0),(1335,22,20,'0bcf9594e343fe3227eb68c92b04c72b','2024-07-30 17:15:00',0),(1336,22,18,'7f3453436962d36288a1e4bfd94e8317','2024-07-30 17:15:00',1),(1337,22,19,'44bbb0d1e2abf05fed6976e8e5763b97','2024-07-30 17:15:00',0),(1338,22,20,'08a959b7fd273a269c818123074debbe','2024-07-30 17:15:00',0),(1339,22,18,'af83f4afa3c0c05c5dea958e3255103f','2024-07-30 17:15:00',1),(1340,22,19,'a1219cee9566912f05fa4df685b091b8','2024-07-30 17:15:00',0),(1341,22,20,'887c6c417e4f79721f9d149b57fae94d','2024-07-30 17:15:00',0),(1342,22,18,'0d03cdc6fae34f3338fc51b04e277548','2024-07-30 17:15:00',1),(1343,22,19,'5e9ca5a342f6600c26bed42167b7a33f','2024-07-30 17:15:00',0),(1344,22,20,'83978c50969c87b49a1694db570b0543','2024-07-30 17:15:00',0),(1345,22,18,'d96baf9951414b477fd418b195aa4771','2024-07-30 17:15:00',1),(1346,22,19,'92b16372e4d2b22c9fd7c63b6d65d0fa','2024-07-30 17:15:00',0),(1347,22,20,'2fcb5d4d52010889fed33315cabab127','2024-07-30 17:15:00',0),(1348,22,18,'a4ae638426aba419d85606891c34cab2','2024-07-30 17:15:00',1),(1349,22,19,'89d7292e51644dc381997f0e14bb9e8a','2024-07-30 17:15:00',0),(1350,22,20,'fd29bff97934422b07abb7714f821228','2024-07-30 17:15:00',0),(1351,22,18,'0be6ae72e832cfc000830a2c9ff087b6','2024-07-30 17:15:00',1),(1352,22,19,'fe80b014b8d3f3461119ba533e2dd63f','2024-07-30 17:15:00',0),(1353,22,20,'2e3561bc939a52755ae2485488e3466f','2024-07-30 17:15:00',0),(1354,22,18,'837f0f26c41fbb1088c31d44001b5353','2024-07-30 17:15:00',1),(1355,22,19,'185d622ce6d46cd215f1b98d435f64c9','2024-07-30 17:15:00',0),(1356,22,20,'a31a56f6ca7e7a7fbd27769afb2c419f','2024-07-30 17:15:00',0),(1357,22,18,'1c059eeebb6c06cf18b2d57465571ebb','2024-07-30 17:15:00',1),(1358,22,19,'35bc94fa3f113d6e9046187d0fada7f4','2024-07-30 17:15:00',0),(1359,22,20,'8ac31a8ab2e2f1af0d08e9dc9700ed52','2024-07-30 17:15:00',0),(1360,22,18,'d6280574b466b7285d474ff833d07d0f','2024-07-30 17:15:00',1),(1361,22,19,'05d77a9b8086dce00aad4ce6efcb8b11','2024-07-30 17:15:00',0),(1362,22,20,'c84be6190d1ac59c219a14318d99589e','2024-07-30 17:15:00',0),(1363,22,18,'988687a7921a82871e5ee65875ca7551','2024-07-30 17:15:00',1),(1364,22,19,'974fa52871f59b9e9b6c40a1995b29a3','2024-07-30 17:15:00',0),(1365,22,20,'4959e5648b7f78318109808e76780721','2024-07-30 17:15:00',0),(1366,22,18,'ce0d1b0741549b74931e72c0e7482abd','2024-07-30 17:15:00',1),(1367,22,19,'40686becb6caf337d4cc81dac88ff781','2024-07-30 17:15:00',0),(1368,22,20,'851123b9f2017fc24920c26c4bf2b93d','2024-07-30 17:15:00',0),(1369,22,18,'80a5a945e366bd91028d967b176b0080','2024-07-30 17:15:00',1),(1370,22,19,'0f24ce3e70143ba8681c144478ff911d','2024-07-30 17:15:00',0),(1371,22,20,'1b2717181f7dd323c95bb9c5bc4d6055','2024-07-30 17:15:00',0),(1372,22,18,'0ce3a4b70317c680332b0406e0aa8d67','2024-07-30 17:15:00',1),(1373,22,19,'991d5cd8c7f9691aa6e28cea90c7126e','2024-07-30 17:15:00',0),(1374,22,20,'b40d597ace68d0eecae67dec0178a390','2024-07-30 17:15:00',0),(1375,22,18,'1df64eb913fc362299775278058a65e5','2024-07-30 17:15:00',1),(1376,22,19,'5ab87e438d5fc149c9d7abd8ad2048d1','2024-07-30 17:15:00',0),(1377,22,20,'08528512c1265b66fb606b581b6c9e96','2024-07-30 17:15:00',0),(1378,22,18,'7b2e6497652e08fe5af3ff2803bbd4da','2024-07-30 17:15:00',1),(1379,22,19,'31e3a2bc8813cbaaf3dcfa39a932fdc0','2024-07-30 17:15:00',0),(1380,22,20,'bcfa578af2e20e6432b1cbaadbeb7eed','2024-07-30 17:15:00',0),(1381,22,18,'d3c1010081c7d89dec4d67ce7ed3a4b9','2024-07-30 17:15:00',1),(1382,22,19,'3c29b15ef8d4debcbf4debe795bddfce','2024-07-30 17:15:00',0),(1383,22,20,'520a2e8aa6b3a2c363b34c1f58298b01','2024-07-30 17:15:00',0),(1384,22,18,'0d16d0575706e6df83ec7fb904aa2ad9','2024-07-30 17:15:00',1),(1385,22,19,'8ab2dfb769ad27f55438c12b92102fe5','2024-07-30 17:15:00',0),(1386,22,20,'0d9bd321118d1dacd07f07e2be9cfa14','2024-07-30 17:15:00',0),(1387,22,18,'8c2078b7b742d8591aa3625aa3ab54f0','2024-07-30 17:15:00',1),(1388,22,19,'c3cc2aabbb63aa7f8728af5fd0093e74','2024-07-30 17:15:00',0),(1389,22,20,'2a6558cf566eee029e5464ebf1f06992','2024-07-30 17:15:00',0),(1390,22,18,'01ea4604804da3eb866ff490e241d308','2024-07-30 17:15:00',1),(1391,22,19,'2c8d1fc0a61dd8eca79bc448887d8166','2024-07-30 17:15:00',0),(1392,22,20,'f196216b2a1503b0310a559499edf869','2024-07-30 17:15:00',0),(1393,22,18,'e043cae44cdf8ebcb645085a520215c5','2024-07-30 17:15:00',1),(1394,22,19,'1541c7e0d2108a89d06faaf4e41642b9','2024-07-30 17:15:00',0),(1395,22,20,'5fd8fe3c848686f3362b27ebdf51255c','2024-07-30 17:15:00',0),(1396,22,18,'472057f65c9edbf29b827356d725aec9','2024-07-30 17:15:00',1),(1397,22,19,'c8df0464ec2d6465a95fe1a57522c28d','2024-07-30 17:15:00',0),(1398,22,20,'e0f2e929fb0abf50e8ea78ef465d1a8f','2024-07-30 17:15:00',0),(1399,22,18,'0291b335ae19da904ba68ed96dd4375b','2024-07-30 17:15:00',1),(1400,22,19,'2783aa5f96dac7970e984e168a195f1d','2024-07-30 17:15:00',0),(1401,22,20,'19cd9317903b713aad901ecb3163015e','2024-07-30 17:15:00',0),(1402,22,18,'e958509192c43ab25be94dc7c8a2685b','2024-07-30 17:15:00',1),(1403,22,19,'ed5f125b1ff951d3e7210ad90a509f72','2024-07-30 17:15:00',0),(1404,22,20,'0c8f910e07364deb44142e508c5dcfda','2024-07-30 17:15:00',0),(1405,22,18,'a2e6e2a5d3dcdfbb38ec3959ed9a8510','2024-07-30 17:15:00',1),(1406,22,19,'a9714ffcd89d64c0c0b64f0604e8dc78','2024-07-30 17:15:00',0),(1407,22,20,'6cfda9deb22f07c54d570543e4605fe7','2024-07-30 17:15:00',0),(1408,22,18,'fb87235768495405f2555d9ed754993c','2024-07-30 17:15:00',1),(1409,22,19,'afa5b262fc55a76d69942db42ee7f88e','2024-07-30 17:15:00',0),(1410,22,20,'cc6d45c6d737208fdb873eb3b6d3d77c','2024-07-30 17:15:00',0),(1411,22,18,'3cdc79a8e728f1188369854c342db8e9','2024-07-30 17:15:00',1),(1412,22,19,'113cf84fd56acb39f7f5498e0bc21fc0','2024-07-30 17:15:00',0),(1413,22,20,'dacaf3add9ac9428086d37a0ad7211b1','2024-07-30 17:15:00',0),(1414,22,18,'d027ce15860760ca42aa84e8e554820f','2024-07-30 17:15:00',1),(1415,22,19,'47596f008847dd64ef6a01dc79280f78','2024-07-30 17:15:00',0),(1416,22,20,'ed4d7bb8a289ce32f99bf757a9a378af','2024-07-30 17:15:00',0),(1417,22,18,'84ca6865ca0b37fec022d7c17f3f1646','2024-07-30 17:15:00',1),(1418,22,19,'11137044fa47ce23af9934ff2d7b3064','2024-07-30 17:15:00',0),(1419,22,20,'da9fc8f7baa7ad2248ccb1c470a8009e','2024-07-30 17:15:00',0),(1420,22,18,'4b395c27f241dc3df472eca42881551a','2024-07-30 17:15:00',1),(1421,22,19,'402f9890a60361a990a524404f0e3e03','2024-07-30 17:15:00',0),(1422,22,20,'d675421c96e956a904808c78b3ea9679','2024-07-30 17:15:00',0),(1423,22,18,'1fae6ab740a823b3fdf148d179ce6cad','2024-07-30 17:15:00',1),(1424,22,19,'9cc85c5b88dc2aebb8d46f5bf7cab325','2024-07-30 17:15:00',0),(1425,22,20,'47a136c536ea6aefcb75f6e8ee03cd36','2024-07-30 17:15:00',0),(1426,22,18,'0f47ab1ed067bd113c49c72396241aab','2024-07-30 17:15:00',1),(1427,22,19,'82583db223c06f0a73bc444f94622b74','2024-07-30 17:15:00',0),(1428,22,20,'ed7116914ac729aa2ae61e197b9ca1ab','2024-07-30 17:15:00',0),(1429,22,18,'1d07c46bccf4cbdd92ed7e31fe93cf05','2024-07-30 17:15:00',1),(1430,22,19,'4461d0720d97e85b5e960ff517f26861','2024-07-30 17:15:00',0),(1431,22,20,'e8deb1ca29405ef87dce38024ff26535','2024-07-30 17:15:00',0),(1432,22,18,'a66a09f814ab335350064dd058ca2ff2','2024-07-30 17:15:00',1),(1433,22,19,'7b3a99266a9775cc582d59209c7c751d','2024-07-30 17:15:00',0),(1434,22,20,'9d4d9f785fe705f29de13cda6fa7c8a4','2024-07-30 17:15:00',0),(1435,22,18,'daca1d143ab9d4d410ec7ced6a672931','2024-07-30 17:15:00',1),(1436,22,19,'48e55bfab03bd0d7bde24ea1a545e66d','2024-07-30 17:15:00',0),(1437,22,20,'f61730e0b8889c16a68505d16949dba7','2024-07-30 17:15:00',0),(1438,22,18,'12d495623ae44dd5f26b711f4fed1442','2024-07-30 17:15:00',1),(1439,22,19,'90aa64433bb427b4af096f0cb22da064','2024-07-30 17:15:00',0),(1440,22,20,'3901e1d6ed01e472d6ada88868fbf123','2024-07-30 17:15:00',0),(1441,22,18,'be66a23479cea838b5f6ff483965a1d8','2024-07-30 17:15:00',1),(1442,22,19,'f66b232aaa372f91b133e7c702f78663','2024-07-30 17:15:00',0),(1443,22,20,'4ab6e5b98f79203edecbb0008af3a8f1','2024-07-30 17:15:00',0),(1444,22,18,'2021b4c78914eb7d17ab36dca4d27ffa','2024-07-30 17:15:00',1),(1445,22,19,'394fa223aad156f31ca159b66dfb3f24','2024-07-30 17:15:00',0),(1446,22,20,'7ed716ff93e752d2a29fd442de14999a','2024-07-30 17:15:00',0),(1447,22,18,'f1669292995a06943682f38553df704b','2024-07-30 17:15:00',1),(1448,22,19,'da1bb3d5381460d12c31d5fdd5e94a3a','2024-07-30 17:15:00',0),(1449,22,20,'78facdb4ec15b9d95c5c6d401f4bae57','2024-07-30 17:15:00',0),(1450,22,18,'09a6d98b26c07da571fa904638a0a64e','2024-07-30 17:15:00',1),(1451,22,19,'83ddf48ca562b6edfe1f321404f758c0','2024-07-30 17:15:00',0),(1452,22,20,'0cf93dcee46f80fa231fcb53f86fee3d','2024-07-30 17:15:00',0),(1453,22,18,'1ed2d2ee1d820ab867cbfc7af63933b6','2024-07-30 17:15:00',1),(1454,22,19,'076fd0db34fc7b49c39c84b70387d937','2024-07-30 17:15:00',0),(1455,22,20,'a55f89f979aa7824f80b589651138cbf','2024-07-30 17:15:00',0),(1456,22,18,'17d1a22faf4543071239f7d36d40e45b','2024-07-30 17:15:00',1),(1457,22,19,'5ec44ddb1d7c8eac141c729f39e7fd90','2024-07-30 17:15:00',0),(1458,22,20,'3b89fa4e249f4af4e9e2b06294c7b8f9','2024-07-30 17:15:00',0),(1459,22,18,'9c6118f640b46f0a548a4112ed38df74','2024-07-30 17:15:00',1),(1460,22,19,'72650dc36b845755960344a1a780c63f','2024-07-30 17:15:00',0),(1461,22,20,'445909bff1e63897e9ebdc78d807dca0','2024-07-30 17:15:00',0),(1462,22,18,'430bc4e2ab0834423209aede179cf7d7','2024-07-30 17:15:00',1),(1463,22,19,'72ef137a8d6e4f7344009781ea4198b4','2024-07-30 17:15:00',0),(1464,22,20,'caf8123738f9573e6c81b7cc71fae731','2024-07-30 17:15:00',0),(1465,22,18,'a8e7ac5f5d1a51a74680db4b3988aed3','2024-07-30 17:15:00',1),(1466,22,19,'ea0377a6a1707f501d6533a4532a1276','2024-07-30 17:15:00',0),(1467,22,20,'ee1cc6b137cc65bcf675c522a7acbe44','2024-07-30 17:15:00',0),(1468,22,18,'b9708c515dfa4297301c165370ccc2b3','2024-07-30 17:15:00',1),(1469,22,19,'20ca2019a7efbd12af5be368bb85cbf5','2024-07-30 17:15:00',0),(1470,22,20,'84a48a85a40c0babcd289dae77e2c284','2024-07-30 17:15:00',0),(1471,22,18,'6db02dc44002e56b7c573bdef5cb6d38','2024-07-30 17:15:00',1),(1472,22,19,'9ed796937cab666505f15d01a9aa4dc3','2024-07-30 17:15:00',0),(1473,22,20,'f416da6f0c3ab116826f3244f89d5222','2024-07-30 17:15:00',0),(1474,22,18,'cf0d100d752c0e3554020254623473b9','2024-07-30 17:15:00',1),(1475,22,19,'1b74e36d65e97da1d1a7f2227a64880f','2024-07-30 17:15:00',0),(1476,22,20,'9e5c7eaa6874d990b44f5cc87b5769e2','2024-07-30 17:15:00',0),(1477,22,18,'6b60655586aed88d803f7aecd530bb5c','2024-07-30 17:15:00',1),(1478,22,19,'97c06e9aee5a699503da934f279a652f','2024-07-30 17:15:00',0),(1479,22,20,'0440daefeb438aa10c175e7e39748aa5','2024-07-30 17:15:00',0),(1480,22,18,'02fbce9b9c6fb83835178eb249f26fb1','2024-07-30 17:15:00',1),(1481,22,19,'c8829ad260983f813496104e2c0759cd','2024-07-30 17:15:00',0),(1482,22,20,'2f1175965ff35a669125af52b220c695','2024-07-30 17:15:00',0),(1483,22,18,'63a82b11b205e9aad48c4482076261ed','2024-07-30 17:15:00',1),(1484,22,19,'44931b98ecc6ce85f4896dfa11dd878b','2024-07-30 17:15:00',0),(1485,22,20,'f2ca9688383932e713e7c9b9a01bc38e','2024-07-30 17:15:00',0),(1486,22,18,'9dc760991045c9aa40ba426e212021cd','2024-07-30 17:15:00',1),(1487,22,19,'2f0101a44bee6ea03d767792597666d5','2024-07-30 17:15:00',0),(1488,22,20,'ea9eb8e71aed1923d6b3f4436b79db6d','2024-07-30 17:15:00',0),(1489,22,18,'18d3820988fefb979d320ea8d00ebfc7','2024-07-30 17:15:00',1),(1490,22,19,'e5f7fe61d9d7a7e338d2b628e2479f0a','2024-07-30 17:15:00',0),(1491,22,20,'03f0e5a293d8fad1ea40bd9b2a2e7c9a','2024-07-30 17:15:00',0),(1492,22,18,'7e067b1ceab1188ac7237d9b04d95ee4','2024-07-30 17:15:00',1),(1493,22,19,'ebf701cffeb0b77e3cf693f9e21be2ca','2024-07-30 17:15:00',0),(1494,22,20,'40c681001d8689ae645f863a5980f310','2024-07-30 17:15:00',0),(1495,22,18,'5378f3d654e958ca9941d9e0ab5fc3a0','2024-07-30 17:15:00',1),(1496,22,19,'994e9cba16593202de2db5e7f817a011','2024-07-30 17:15:00',0),(1497,22,20,'04f3d628f1bc424a0aba8e38455a80ed','2024-07-30 17:15:00',0),(1498,22,18,'ed147a3d89d27dd2fd225bb783cbd457','2024-07-30 17:15:00',1),(1499,22,19,'9fea61096d3b64428de0c4b0769258a6','2024-07-30 17:15:00',0),(1500,22,20,'b25aca20d425a2b1f267f401b95c895d','2024-07-30 17:15:00',0),(1501,22,18,'4e873e3ab457ed6b0fdf5b966aae06f5','2024-07-30 17:15:00',1),(1502,22,19,'0f1692fc25094b2a38b0b5a662c68204','2024-07-30 17:15:00',0),(1503,22,20,'5d280322f651b912ec729e0e39c1790e','2024-07-30 17:15:00',0),(1504,22,18,'a006501f37410d63c98eda425a6fa95e','2024-07-30 17:15:00',1),(1505,22,19,'a001589292403e1903aa328f0168a837','2024-07-30 17:15:00',0),(1506,22,20,'906755cf5cf91b70e06be0086901adc0','2024-07-30 17:15:00',0),(1507,22,18,'7bcd33c287de8673bef8df35542fdd1e','2024-07-30 17:15:00',1),(1508,22,19,'5595eb1b15efc083d1165d53d45c16b6','2024-07-30 17:15:00',0),(1509,22,20,'cd55ea6e60d03158617294cc0b1bfd27','2024-07-30 17:15:00',0),(1510,22,18,'bcd5f402c7ef8fe26529630ee8f6b82a','2024-07-30 17:15:00',1),(1511,22,19,'ef89932e820b132610a960b12adc862b','2024-07-30 17:15:00',0),(1512,22,20,'54ba30d5cfbcd078d01d8b314158fb2c','2024-07-30 17:15:00',0),(1513,22,18,'ab02c358c41bc8d8b6cbb7c007a47cbb','2024-07-30 17:15:00',1),(1514,22,19,'70a93393bbf7b93d8edc614b36f80a63','2024-07-30 17:15:00',0),(1515,22,20,'a0b7907a8800f5427ad5ea69f78c43c1','2024-07-30 17:15:00',0),(1516,22,18,'af3ffc0db607c73231d74b4ce1f136e9','2024-07-30 17:15:00',1),(1517,22,19,'181cfdc5d1b01b5350f2b5d33a6063ec','2024-07-30 17:15:00',0),(1518,22,20,'c151449a284881974e7794c92a66b006','2024-07-30 17:15:00',0),(1519,22,18,'18b41ec3168804b14a40bd4dc34b07e9','2024-07-30 17:15:00',1),(1520,22,19,'1fe762c863a64112a45a1d495ffa6030','2024-07-30 17:15:00',0),(1521,22,20,'2197da864e6b8ecd209aa48c52e626e1','2024-07-30 17:15:00',0),(1522,22,18,'df60d47b6c2100d0864471f1ca227a09','2024-07-30 17:15:00',1),(1523,22,19,'f14c589e09eb8303353c5472f7ee390b','2024-07-30 17:15:00',0),(1524,22,20,'7ca627f40cba2e292999337d82fd202f','2024-07-30 17:15:00',0),(1525,22,18,'f77dc35eb25f918db09203243b972f5d','2024-07-30 17:15:00',1),(1526,22,19,'a341214de53ff37e272b0d263eb9e176','2024-07-30 17:15:00',0),(1527,22,20,'0dd36da16ea5d76a6f121e9a7d56b1b6','2024-07-30 17:15:00',0),(1528,22,18,'5aede484965f41cc9ead296ee000c8eb','2024-07-30 17:15:00',1),(1529,22,19,'22aacd07ac3795cdda5876eb6b35ff4b','2024-07-30 17:15:00',0),(1530,22,20,'04d4e790ac453b51d7e44363cdad591c','2024-07-30 17:15:00',0),(1531,22,18,'4c12bf2c71936355468ef0a26abf2add','2024-07-30 17:15:00',1),(1532,22,19,'969caf4adae1c332b0d3afc18568a129','2024-07-30 17:15:00',0),(1533,22,20,'43030c30e29bbd8f8c58bf46b7db1b21','2024-07-30 17:15:00',0),(1534,22,18,'dd2595d6a35e842beb81e87c4a53d990','2024-07-30 17:15:00',1),(1535,22,19,'e8b7c7cb67788fb041adda1199f3012e','2024-07-30 17:15:00',0),(1536,22,20,'d3788b383b646db09226ca4aa3d1072c','2024-07-30 17:15:00',0),(1537,22,18,'a321ae4d434f3770c8f5724bc7878f04','2024-07-30 17:15:00',1),(1538,22,19,'ad0ae0f397c69b09fe0b5079576c1e52','2024-07-30 17:15:00',0),(1539,22,20,'b09313e4ea76a574555a4b1e2ce0ad25','2024-07-30 17:15:00',0),(1540,22,18,'f2f1df7d80c10758c2bf706ea2202ee9','2024-07-30 17:15:00',1),(1541,22,19,'d48921d7f1743bd184370cf1c4056b50','2024-07-30 17:15:00',0),(1542,22,20,'4b369b8e9e2ce6cef0fe7b4b4c74b35b','2024-07-30 17:15:00',0),(1543,22,18,'74ed846487f9eb1eec9d56fc3c5d74bf','2024-07-30 17:15:00',1),(1544,22,19,'01f25628265c3fbdc54fdee2a1aa67d1','2024-07-30 17:15:00',0),(1545,22,20,'b410f1a0865d76e275e4ff904663f500','2024-07-30 17:15:00',0),(1546,22,18,'6a941eb6709936152059f13b9f6b91f2','2024-07-30 17:15:00',1),(1547,22,19,'82e2529f0e1652cc00a994a164d5c199','2024-07-30 17:15:00',0),(1548,22,20,'ffc260ceca07957af2cb799d740e9127','2024-07-30 17:15:00',0),(1549,22,18,'9cdf7c6c1dd25e0f472b51570821baa6','2024-07-30 17:15:00',1),(1550,22,19,'1baf9d32f65cfce7b12004855822fcca','2024-07-30 17:15:00',0),(1551,22,20,'de6f7359370652e494cdc6ad3b4ae0d8','2024-07-30 17:15:00',0),(1552,22,18,'b3e2d38810170ae4006ef5984a8cc6bc','2024-07-30 17:15:00',1),(1553,22,19,'669713c1e29117bbd2ed93b645af4f30','2024-07-30 17:15:00',0),(1554,22,20,'1c6c6553f17811fa6becb91eec227fee','2024-07-30 17:15:00',0),(1555,22,18,'96b6b401799aba3ac5b362bf7b32e67d','2024-07-30 17:15:00',1),(1556,22,19,'f26f0c1a98db0a42a4c871e900eec758','2024-07-30 17:15:00',0),(1557,22,20,'3352697908bbf6b0bdcc8db40572f51d','2024-07-30 17:15:00',0),(1558,22,18,'75881ee7596667abcb71f66580c654fa','2024-07-30 17:15:00',1),(1559,22,19,'bd8909b9f7ac3e6e76079f3a87eaca27','2024-07-30 17:15:00',0),(1560,22,20,'f3d40c74d05fcedbb340ceaf193015b6','2024-07-30 17:15:00',0),(1561,22,18,'a54aa4c3181dd15d2742e9e13f6b952a','2024-07-30 17:15:00',1),(1562,22,19,'ccd5a0c45d6e3bbc26852c897f6db740','2024-07-30 17:15:00',0),(1563,22,20,'13636ba8be6fce257fb5fed9aa05adf8','2024-07-30 17:15:00',0),(1564,22,18,'645204493947fd3a7a2dbc7e99487f56','2024-07-30 17:15:00',1),(1565,22,19,'03f9c792f63ed6e0597904d64450d8c2','2024-07-30 17:15:00',0),(1566,22,20,'3aba027115e9b7a7b42d6f1b3758e45d','2024-07-30 17:15:00',0),(1567,22,18,'376ac4b80adc4e6fa9dd57f55dd68de5','2024-07-30 17:15:00',1),(1568,22,19,'31bf23b090e9ce28a1d080d5542f70ed','2024-07-30 17:15:00',0),(1569,22,20,'3d71420b2b4662a385e4adca8e803363','2024-07-30 17:15:00',0),(1570,22,18,'b9b3f81106983c2af3cbe91805a0ca39','2024-07-30 17:15:00',1),(1571,22,19,'76abf45fb2139fcc5d49e0a20753cf29','2024-07-30 17:15:00',0),(1572,22,20,'040a894bba35b414f27fbfbebede936b','2024-07-30 17:15:00',0),(1573,22,18,'64a4f9241b77824dfad19a89770654d5','2024-07-30 17:15:00',1),(1574,22,19,'afbe245edbc28e4cc466d9f73681d45f','2024-07-30 17:15:00',0),(1575,22,20,'f50dff3b648ec5aa599b82b8837107fe','2024-07-30 17:15:00',0),(1576,22,18,'f7619e0ae3220b75b98b6b7a108461f5','2024-07-30 17:15:00',1),(1577,22,19,'ffde0fb701195a88ca55bc63250feade','2024-07-30 17:15:00',0),(1578,22,20,'d9cfa7b7eb7b680890e1a9c931f2a8fa','2024-07-30 17:15:00',0),(1579,22,18,'55f866efd710d872a6c0200495760143','2024-07-30 17:15:00',1),(1580,22,19,'d22cad269ac40352d88d91e3a51aec73','2024-07-30 17:15:00',0),(1581,22,20,'b01278980ad460ccbff0189ef8545161','2024-07-30 17:15:00',0),(1582,22,18,'beac80d5ac24d36ebca6fc12ef48388b','2024-07-30 17:15:00',1),(1583,22,19,'e034eed07eb68a0625816907b6e9279d','2024-07-30 17:15:00',0),(1584,22,20,'68e3b7d69808045f4529cdc795e796f7','2024-07-30 17:15:00',0),(1585,22,18,'bd59ff1582283a45a6cf1e744c1fa17c','2024-07-30 17:15:00',1),(1586,22,19,'96de1fbfe7b0e40bdccc1e40944b36be','2024-07-30 17:15:00',0),(1587,22,20,'be1f62cd2017c5fc3a74c50862710acd','2024-07-30 17:15:00',0),(1588,22,18,'66b796fae97f9d4d33e8d7230b1224a4','2024-07-30 17:15:00',1),(1589,22,19,'7f98fbcca42ef8a336ab7034bcbc4f46','2024-07-30 17:15:00',0),(1590,22,20,'eff361bbdf37562c0165d65b5d44afa0','2024-07-30 17:15:00',0),(1591,22,18,'5ebb907ec53877f5cb3c45f67f7eedc0','2024-07-30 17:15:00',1),(1592,22,19,'4b100af666df8222296e547f64e4fd75','2024-07-30 17:15:00',0),(1593,22,20,'e4c084520435708b7740920b1306d9bf','2024-07-30 17:15:00',0),(1594,22,18,'957cc5347f1af705fb690be608b4f87e','2024-07-30 17:15:00',1),(1595,22,19,'7808a219b5a7aa3c6e8d7cad7371c344','2024-07-30 17:15:00',0),(1596,22,20,'38f05939ab87deb63b9a3f90ad4fbd53','2024-07-30 17:15:00',0),(1597,22,18,'dcd4f8d19436d097af56828a19b4ac9c','2024-07-30 17:15:00',1),(1598,22,19,'04696a841bb00c91c1bf6843e907dc05','2024-07-30 17:15:00',0),(1599,22,20,'04ad9156b5a2fc67c0b4310d38c8d84d','2024-07-30 17:15:00',0),(1600,22,18,'4a60f199a6a488b6c2a3cb214d5609f2','2024-07-30 17:15:00',1),(1601,22,19,'22bcda08c51e838c2b81d41e495f6b67','2024-07-30 17:15:00',0),(1602,22,20,'a95930ed7ca961fd0a000818c2ea8084','2024-07-30 17:15:00',0),(1603,22,18,'345ebffe9ff9ac0e4528745030c48502','2024-07-30 17:15:00',1),(1604,22,19,'f77b692b1836b6fe88d6c33aaf7bf16f','2024-07-30 17:15:00',0),(1605,22,20,'6990206b86dcbc1ad07d1b037d85bc25','2024-07-30 17:15:00',0),(1606,22,18,'fef10bd6037b9f6e53e0c0f0947c9f85','2024-07-30 17:15:00',1),(1607,22,19,'32e18b1f251d02329c7e60550d13fca4','2024-07-30 17:15:00',0),(1608,22,20,'72b7ccc26d461e33419c504f03acfc7f','2024-07-30 17:15:00',0),(1609,22,18,'912a635306907459ee80e68bf4eda319','2024-07-30 17:15:00',1),(1610,22,19,'acbb41de6cfd429e9f6863be7d3f8585','2024-07-30 17:15:00',0),(1611,22,20,'96845625e90dc33c36169704296cb5cb','2024-07-30 17:15:00',0),(1612,22,18,'c41b59bc13c895d09cdf815a45b4b54d','2024-07-30 17:15:00',1),(1613,22,19,'3f27d62d76dc7be1fed7cfb8e52c8adb','2024-07-30 17:15:00',0),(1614,22,20,'cc8ab8ff1ff0eb7299b771c025a7b8b2','2024-07-30 17:15:00',0),(1615,22,18,'e6a8e33c54fa664f7193e9e139251778','2024-07-30 17:15:00',1),(1616,22,19,'f2b884de65ee70cc0e0b181bd82c82cc','2024-07-30 17:15:00',0),(1617,22,20,'a17c0bc10e49a9efe3a87dab22443038','2024-07-30 17:15:00',0),(1618,22,18,'0f0f863bb8106ff0ca3d3b2c03eea5b5','2024-07-30 17:15:00',1),(1619,22,19,'9498d5064b7db1ddac1eb53d199ee30f','2024-07-30 17:15:00',0),(1620,22,20,'a041796c414962b5fa9e25fea86d3919','2024-07-30 17:15:00',0),(1621,22,18,'c1e1cba88c6307276c50587d87b5b71a','2024-07-30 17:15:00',1),(1622,22,19,'587c018080733ec7a2e2acdc398ba6d8','2024-07-30 17:15:00',0),(1623,22,20,'0c805d7f90ce99c4f70df76cf573d2c9','2024-07-30 17:15:00',0),(1624,22,18,'44ff5a8373ac812a71f3e64b87f0dcf8','2024-07-30 17:15:00',1),(1625,22,19,'4995524206b716daa70d7bb1ad4b7dcf','2024-07-30 17:15:00',0),(1626,22,20,'e7bf696109117e7971f859a9b18fe762','2024-07-30 17:15:00',0),(1627,22,18,'4b4d6c924d7f0340ba104f42223c0653','2024-07-30 17:15:00',1),(1628,22,19,'56e2d4f94b422f6df29668339c5e37b0','2024-07-30 17:15:00',0),(1629,22,20,'f31efc9abad4b37e4d7fe5aa5f9c0968','2024-07-30 17:15:00',0),(1630,22,18,'3252bcb31f09381302d9867d3b8dc7f6','2024-07-30 17:15:00',1),(1631,22,19,'8bfe92e11de41b98d196a3b1f793f45a','2024-07-30 17:15:00',0),(1632,22,20,'349299131036f164ab784dd9b2547c6b','2024-07-30 17:15:00',0),(1633,22,18,'f4272db21e39f562160eea746edb2c12','2024-07-30 17:15:00',1),(1634,22,19,'87c311763e485cc26e34b9abdc115acf','2024-07-30 17:15:00',0),(1635,22,20,'9bc6cbcbcfc209cf223b5e08d28fe82d','2024-07-30 17:15:00',0),(1636,22,18,'9f4df7522c7d9916cc8c9abfc5bb51d6','2024-07-30 17:15:00',1),(1637,22,19,'8328d97161b8db554254319aa09b6723','2024-07-30 17:15:00',0),(1638,22,20,'ae4ee3581aae51e7d0380ea1acec9779','2024-07-30 17:15:00',0),(1639,22,18,'ca25312feb88f7d6fa74847141209796','2024-07-30 17:15:00',1),(1640,22,19,'a2f0dc2aa8056c0ba57ab991870a03f1','2024-07-30 17:15:00',0),(1641,22,20,'cd3a8d4a2edc41d0117e8740e77cb49d','2024-07-30 17:15:00',0),(1642,22,18,'25b21f362a9f27e541c352dac2d7b1c3','2024-07-30 17:15:00',1),(1643,22,19,'9abf580e10e9f4de77e13ee4a5d79c52','2024-07-30 17:15:00',0),(1644,22,20,'278ce5d4fd0c74d0fb05aff706bc2ada','2024-07-30 17:15:00',0),(1645,22,18,'4e255e7ab05e6350ea1bf7944928581e','2024-07-30 17:15:00',1),(1646,22,19,'d06892a719e14b2a7f5c2fb818cc0f59','2024-07-30 17:15:00',0),(1647,22,20,'af39f62d19dbbb4f00d1007470e1a6dc','2024-07-30 17:15:00',0),(1648,22,18,'7f581c82238c9073187bf042d363d2a1','2024-07-30 17:15:00',1),(1649,22,19,'316f55fdb32337bd18608354625e6bfc','2024-07-30 17:15:00',0),(1650,22,20,'359839d946019e28053d83079be1b3ba','2024-07-30 17:15:00',0),(1651,22,18,'759eb84b56b8ebf53b16e24ba4f1b3fc','2024-07-30 17:15:00',1),(1652,22,19,'9e645112840f0f687bb76c0e86c7678f','2024-07-30 17:15:00',0),(1653,22,20,'1bf312d4180edfb99b47f7f552390ee7','2024-07-30 17:15:00',0),(1654,22,18,'dd7d97c7a24f5760d9298ccd3fb8f29f','2024-07-30 17:15:00',1),(1655,22,19,'bad63f92dabac6b28ffcdef2a3b6b844','2024-07-30 17:15:00',0),(1656,22,20,'deffe43e712966b0a4bea22c79b21637','2024-07-30 17:15:00',0),(1657,22,18,'1c48fd3375973d32a9823f4c22e1452b','2024-07-30 17:15:00',1),(1658,22,19,'98810f97f874f4b0a642742f1819550c','2024-07-30 17:15:00',0),(1659,22,20,'24d0872160f9b783f9c88da0798ddc52','2024-07-30 17:15:00',0),(1660,22,18,'77931272bfe0f4f3ed80f5de8b7fb41f','2024-07-30 17:15:00',1),(1661,22,19,'142604d7e6a24533dea6fd93ae9f4133','2024-07-30 17:15:00',0),(1662,22,20,'c6d5b78d1d7fe901a83b31e62d0fd96a','2024-07-30 17:15:00',0),(1663,22,18,'cc7c317dfebea839149f06eac6c3a555','2024-07-30 17:15:00',1),(1664,22,19,'9ef18e7d75f012bbf28221db56e9a90b','2024-07-30 17:15:00',0),(1665,22,20,'31c0f3fa9fb3b02cafcc869f6f7c439f','2024-07-30 17:15:00',0),(1666,22,18,'59913e3d4d23c0ef15d9a5cfe2dadd69','2024-07-30 17:15:00',1),(1667,22,19,'2f35b5c24aac2a85df0394992507d121','2024-07-30 17:15:00',0),(1668,22,20,'c9c772d262da4ec3cd4d573a5d3b264e','2024-07-30 17:15:00',0),(1669,22,18,'0c2cd3de8d243b8fdde0b5370f6996f5','2024-07-30 17:15:00',1),(1670,22,19,'63ebb61942f60b634e559adffea14ce4','2024-07-30 17:15:00',0),(1671,22,20,'7b3bf7f5703e59b448e1a6559932fb78','2024-07-30 17:15:00',0),(1672,22,18,'666dde7a72e213861de629345761f96e','2024-07-30 17:15:00',1),(1673,22,19,'592d38b67b12d195cab50e7f425e8525','2024-07-30 17:15:00',0),(1674,22,20,'2be122164650d540cf7cf2fd028b645c','2024-07-30 17:15:00',0),(1675,22,18,'d67c18285fbc645562f9bd0c19b7a0a8','2024-07-30 17:15:00',1),(1676,22,19,'526c95f5653f534672642566d745cd9a','2024-07-30 17:15:00',0),(1677,22,20,'50f70f625ac870a00c54d2f91daf435d','2024-07-30 17:15:00',0),(1678,22,18,'2bffa5f308734ec24f82b37450920516','2024-07-30 17:15:00',1),(1679,22,19,'376c4b5b7fe92715f2c2ef10eb6bef10','2024-07-30 17:15:00',0),(1680,22,20,'103284354f9b4e3dec63210d7b59e1f9','2024-07-30 17:15:00',0),(1681,22,18,'3a29403133319f8d01a54ee45d50469d','2024-07-30 17:15:00',1),(1682,22,19,'6a10837b915fc215b8d228287c59fc19','2024-07-30 17:15:00',0),(1683,22,20,'061f2cafa0d00c16353a4c2a2b9e358c','2024-07-30 17:15:00',0),(1684,22,18,'82336a45adab0c73488dc70e636c4f24','2024-07-30 17:15:00',1),(1685,22,19,'8326fd399cc242e9c51d3715ba247db0','2024-07-30 17:15:00',0),(1686,22,20,'d52e3edba23e35bc28e1911bba647ca4','2024-07-30 17:15:00',0),(1687,22,18,'1de8cd2601965b50bf74aceb55671bd3','2024-07-30 17:15:00',1),(1688,22,19,'409d881b92d761ea4c3e43b85e03b7de','2024-07-30 17:15:00',0),(1689,22,20,'da513bffe24c990471f6062fdc576517','2024-07-30 17:15:00',0),(1690,22,18,'361c1145d939b3847627c2dd23d0d1ab','2024-07-30 17:15:00',1),(1691,22,19,'9c40a50e94eca4aff308b95c983a07ff','2024-07-30 17:15:00',0),(1692,22,20,'6e0783729e80db57fe0b42ea7e4b4abc','2024-07-30 17:15:00',0),(1693,22,18,'e7500aa8e1e6ea4c2e9eae35ca4d1374','2024-07-30 17:15:00',1),(1694,22,19,'b5730c0f207caf49bc6a8e28f9b2abb5','2024-07-30 17:15:00',0),(1695,22,20,'726fb8f90831467225c8246bd7b458ae','2024-07-30 17:15:00',0),(1696,22,18,'04ba20f2b6f2f084db788d78c0c186fe','2024-07-30 17:15:00',1),(1697,22,19,'f0a3783214a22e3bf108ebb816586d77','2024-07-30 17:15:00',0),(1698,22,20,'59e71a991c8df5b9c86497f92ce540bc','2024-07-30 17:15:00',0),(1699,22,18,'ad1cb09da1496128b77e18831b3c7301','2024-07-30 17:15:00',1),(1700,22,19,'2aa966925026760634243ee64cc3e66d','2024-07-30 17:15:00',0),(1701,22,20,'edf4c6c2edb54bb2037f9f039eebb5fe','2024-07-30 17:15:00',0),(1702,22,18,'2f8a4af65dbc31ccfc8f1b54eac31a72','2024-07-30 17:15:00',1),(1703,22,19,'1163ceffb432c411cba310442d97dcfd','2024-07-30 17:15:00',0),(1704,22,20,'423310925f2318a5c556b3e38035e209','2024-07-30 17:15:00',0),(1705,22,18,'9808bea986d7743e26f184e6522e1975','2024-07-30 17:15:00',1),(1706,22,19,'97716fc68da5baf88e32fe557f73545f','2024-07-30 17:15:00',0),(1707,22,20,'ac474ab69902ec86042511d81ceedbf5','2024-07-30 17:15:00',0),(1708,22,18,'c1e88982c779fc4a8a1d1e780db59b9b','2024-07-30 17:15:00',1),(1709,22,19,'7eb02ef1e205cd8e2de03509cc7189ad','2024-07-30 17:15:00',0),(1710,22,20,'6d82bad4868e32c38d1fbead58e961eb','2024-07-30 17:15:00',0),(1711,22,18,'e22c0cdf3b56fdf12e7c46308f67db96','2024-07-30 17:15:00',1),(1712,22,19,'cd775d418340180364b2f15c6cc595f6','2024-07-30 17:15:00',0),(1713,22,20,'d0cca58be2d4fc953d9099a4b08d37c7','2024-07-30 17:15:00',0),(1714,22,18,'4099d535a2dd357382daa8db91774aac','2024-07-30 17:15:00',1),(1715,22,19,'7b551d79d8b81bc7084f5f711def0f7b','2024-07-30 17:15:00',0),(1716,22,20,'9cb194476a70201629a2b3ce2ab450d9','2024-07-30 17:15:00',0),(1717,22,18,'b6beceaaf62139ca2c32e08369a7f487','2024-07-30 17:15:00',1),(1718,22,19,'8b82dd5aad954d17f5444187e2908968','2024-07-30 17:15:00',0),(1719,22,20,'74eafbbbae0c645afebc89bd0862b0fc','2024-07-30 17:15:00',0),(1720,22,18,'a76cf82ff8660e9545a699711338941c','2024-07-30 17:15:00',1),(1721,22,19,'0ad5fc37586c5d5a56ef8d7d89d46596','2024-07-30 17:15:00',0),(1722,22,20,'9787ae3c2e45d750a5421b6fef3f1d41','2024-07-30 17:15:00',0),(1723,22,18,'2914357f4d6c82432f41424a453e0229','2024-07-30 17:15:00',1),(1724,22,19,'caeaf4a1647dab38f3a98a59da5cbdca','2024-07-30 17:15:00',0),(1725,22,20,'56dc75b652ea1a68ba4f710f1e44e5fe','2024-07-30 17:15:00',0),(1726,22,18,'ac41b91a37c621d128e4b7eb5548630c','2024-07-30 17:15:00',1),(1727,22,19,'1d3794c8d02646c49a627e3e50ce8ec5','2024-07-30 17:15:00',0),(1728,22,20,'ff20063783206ce5bb12a23d3cf66e8e','2024-07-30 17:15:00',0),(1729,22,18,'b546273a1fb71c6596fd6c27096b58f4','2024-07-30 17:15:00',1),(1730,22,19,'50cb7c5a7c665a994f4833e71d918d62','2024-07-30 17:15:00',0),(1731,22,20,'7762a37e35d88918b57ef6cddeb39b30','2024-07-30 17:15:00',0),(1732,22,18,'e1dac2b4659c93ff82919514e1f61658','2024-07-30 17:15:00',1),(1733,22,19,'6c2fb960bb6accb17d20af3959d72021','2024-07-30 17:15:00',0),(1734,22,20,'d73cbe853447d091a04dca3c0f697c34','2024-07-30 17:15:00',0),(1735,22,18,'d840913f8f4a615e515e54fcceb30175','2024-07-30 17:15:00',1),(1736,22,19,'64dd3a8bfd0adce9f200cf4952ffedc4','2024-07-30 17:15:00',0),(1737,22,20,'d0214cf17bed52ac9296ed0839ecc90d','2024-07-30 17:15:00',0),(1738,22,18,'e930b53347b0e11cf3d158e9f7d2323c','2024-07-30 17:15:00',1),(1739,22,19,'f666c86e50dcc751a8298d1c3d32f757','2024-07-30 17:15:00',0),(1740,22,20,'932816027c87d095b83d215a3b08836b','2024-07-30 17:15:00',0),(1741,22,18,'5a40abd027f0dc7e7bbc60be6a4d3d5f','2024-07-30 17:15:00',1),(1742,22,19,'d9141c339b3c58f014764d0f335eb555','2024-07-30 17:15:00',0),(1743,22,20,'64b49b8931856c4d3a540bb1a38c1b5f','2024-07-30 17:15:00',0),(1744,22,18,'66e17c31e7a4c5753b55b19aa1eb8f63','2024-07-30 17:15:00',1),(1745,22,19,'042e324e31dcf468410e0b5af8d67f1f','2024-07-30 17:15:00',0),(1746,22,20,'e7feb76405bd38c829a64ce8b9d0dd73','2024-07-30 17:15:00',0),(1747,22,18,'7955d04771bb20f1e926620117b80702','2024-07-30 17:15:00',1),(1748,22,19,'d1d2006ea80b14cea0ebb67e61258038','2024-07-30 17:15:00',0),(1749,22,20,'9082c4f9fe85d1933b9813f515a6e54c','2024-07-30 17:15:00',0),(1750,22,18,'94a769c58b2a5c6acc13dff980d270f9','2024-07-30 17:15:00',1),(1751,22,19,'cbdf474d0ee3ecb01ddb6b8e503395cd','2024-07-30 17:15:00',0),(1752,22,20,'73cebddae2e6f7075146472fbe4c1b3c','2024-07-30 17:15:00',0),(1753,22,18,'2b326874a8a49d6eaaf303fbb28cf10d','2024-07-30 17:15:00',1),(1754,22,19,'71cb9adf553a79dc7f1022a0bcea8002','2024-07-30 17:15:00',0),(1755,22,20,'4517ec74db3fbeeb46efc53d9ca6fa37','2024-07-30 17:15:00',0),(1756,22,18,'af12ac3392e8cc5f001b468ced682d0f','2024-07-30 17:15:00',1),(1757,22,19,'94233f34e6dd617f24ddd1b8f432fe09','2024-07-30 17:15:00',0),(1758,22,20,'533630c08cd7267f993c4719109a23e8','2024-07-30 17:15:00',0),(1759,22,18,'b6dada13f7569be0a37f9d035c57c3d4','2024-07-30 17:15:00',1),(1760,22,19,'59e3f23bbfa50f5451277b8706f0bfe3','2024-07-30 17:15:00',0),(1761,22,20,'787ec32245f7f6e3ee4675e3fe83ec41','2024-07-30 17:15:00',0),(1762,22,18,'3015143c43a3fd4185c374744b8271e9','2024-07-30 17:15:00',1),(1763,22,19,'aefbb9c2348e76cccab1303cca3e5836','2024-07-30 17:15:00',0),(1764,22,20,'4a29c81f40c7dd31022296f00812a6c2','2024-07-30 17:15:00',0),(1765,22,18,'d3345abbd0139ef4360bbaf2e38ad915','2024-07-30 17:15:00',1),(1766,22,19,'0d27c5a888639158e396944e1130d94c','2024-07-30 17:15:00',0),(1767,22,20,'13ffa54d09c2336f2a3472482ff84da3','2024-07-30 17:15:00',0),(1768,22,18,'c3befbd5421f6efb4892a60141ed84e4','2024-07-30 17:15:00',1),(1769,22,19,'38baef66f65171e525b30b5ac72c423c','2024-07-30 17:15:00',0),(1770,22,20,'419089de007238e698f5822d5274ef6d','2024-07-30 17:15:00',0),(1771,22,18,'d574f79a04a6931a2e6afa6c19b7158e','2024-07-30 17:15:00',1),(1772,22,19,'fdc15a9c60e893cfd615e794fd20a34f','2024-07-30 17:15:00',0),(1773,22,20,'a22361e39eb6f9712471aa8dbfaaf2d7','2024-07-30 17:15:00',0),(1774,22,18,'485d4680a99ff87a83b96d10a188d905','2024-07-30 17:15:00',1),(1775,22,19,'2a3b808c20d25deca6e2a3a80a66a4ca','2024-07-30 17:15:00',0),(1776,22,20,'1bb057248105a8ecf1d5a2d5b62e363f','2024-07-30 17:15:00',0),(1777,22,18,'5c354ffc6435617e8e7dfd6a8cc1274a','2024-07-30 17:15:00',1),(1778,22,19,'41aa8069728a49ad5cac9ef8ec38aa5f','2024-07-30 17:15:00',0),(1779,22,20,'5e174f3ada992f1744e05efee0c443cd','2024-07-30 17:15:00',0),(1780,22,18,'11cf241b813470fb91bb515afe39ccf0','2024-07-30 17:15:00',1),(1781,22,19,'61bd40cc22a57e46b5db0a2c02beb992','2024-07-30 17:15:00',0),(1782,22,20,'f2632523f2fe3acd9b5b09b8c90da1c6','2024-07-30 17:15:00',0),(1783,22,18,'b5375bf51cde623ea8a2131ac56c6c3c','2024-07-30 17:15:00',1),(1784,22,19,'09e674f9b711e4f506f50e3e472a530a','2024-07-30 17:15:00',0),(1785,22,20,'c2dca0547d8f7b745b39effd298cdcce','2024-07-30 17:15:00',0),(1786,22,18,'cb4b6c951970ca8b439fe0cc2e3ef6f0','2024-07-30 17:15:00',1),(1787,22,19,'d884000549be11c7c9901d6fa9d2920b','2024-07-30 17:15:00',0),(1788,22,20,'ec925c0a40f11c780e39329a6a51912c','2024-07-30 17:15:00',0),(1789,22,18,'01eb17e5ff2820a7d1e335aa97c9d0aa','2024-07-30 17:15:00',1),(1790,22,19,'61b271b0b20a79d0a0a90613de3bee4b','2024-07-30 17:15:00',0),(1791,22,20,'7f1ed2786a99333fbbddd8534f5f01d3','2024-07-30 17:15:00',0),(1792,22,18,'e7398c8ccb58945b3fdcb6f6bcf474e0','2024-07-30 17:15:00',1),(1793,22,19,'2307f036ba677195f8dbe022df8018c8','2024-07-30 17:15:00',0),(1794,22,20,'1e998a527c0535c14be6896e6e47d566','2024-07-30 17:15:00',0),(1795,22,18,'3c610a48344f7a46a3ffc811eab82562','2024-07-30 17:15:00',1),(1796,22,19,'5e06046949add74107a696cf98d6d50a','2024-07-30 17:15:00',0),(1797,22,20,'b75cfd8dd3804c2037493c1798110cf3','2024-07-30 17:15:00',0),(1798,22,18,'7465b9e8b3abb8c1b5a01dd1ccd1a1a7','2024-07-30 17:15:00',1),(1799,22,19,'c9c68a05a833228e56d79f3dc2e0db5c','2024-07-30 17:15:00',0),(1800,22,20,'f7ea99c6dfd289e9ca1ae4ff6fd86c8a','2024-07-30 17:15:00',0),(1801,22,18,'44ec390cad96f748b7d47e68d7715605','2024-07-30 17:15:00',1),(1802,22,19,'dca383af48bbeef501dba5ffdfb548a0','2024-07-30 17:15:00',0),(1803,22,20,'ef19ef67c5e1eb7df49e8ec025486295','2024-07-30 17:15:00',0),(1804,22,18,'7c141e10f660cea154676d2491255bde','2024-07-30 17:15:00',1),(1805,22,19,'cefd464ba70b5b2c4521bdef2ebc8d6e','2024-07-30 17:15:00',0),(1806,22,20,'5fb9322bb44702439251a7d79e30ac84','2024-07-30 17:15:00',0),(1807,22,18,'e5b36184123bf2d246db62455a60c142','2024-07-30 17:15:00',1),(1808,22,19,'0958959f0dc439d90c2bbc99546204a6','2024-07-30 17:15:00',0),(1809,22,20,'7b5db26ddac8beb15df2ecc618788f08','2024-07-30 17:15:00',0),(1810,22,18,'6d4f45882116d2b2e1d4d4617e2d550d','2024-07-30 17:15:00',1),(1811,22,19,'4cc6b6c676238e475e49007a971f5ddf','2024-07-30 17:15:00',0),(1812,22,20,'3ecf4913b61d24f8bdc04d3511b4d50c','2024-07-30 17:15:00',0),(1813,22,18,'62d589679bcbf69cd3116f4b34fa0417','2024-07-30 17:15:00',1),(1814,22,19,'f32c75a505543bd2f6b8d3a6b378854d','2024-07-30 17:15:00',0),(1815,22,20,'155a15d208cfaba2045a46f10831325a','2024-07-30 17:15:00',0),(1816,22,18,'b1e36c2d503cf8f886f5384d48c82feb','2024-07-30 17:15:00',1),(1817,22,19,'2dde2fdc084a40ca50b036cfc45d4ab5','2024-07-30 17:15:00',0),(1818,22,20,'7638eeebfee55f48706a42a0eb144857','2024-07-30 17:15:00',0),(1819,22,18,'25657e29b75e071efd185629636a48ad','2024-07-30 17:15:00',1),(1820,22,19,'d3bd6a1bd26ebc63f99f712191d1f1e8','2024-07-30 17:15:00',0),(1821,22,20,'a8a005f6695f203c6ee7343955aa2448','2024-07-30 17:15:00',0),(1822,22,18,'a610555d3d124f100a9ca82cb9bbfba6','2024-07-30 17:15:00',1),(1823,22,19,'6bb121eea4f42d3a4e16f09eb9b10ebe','2024-07-30 17:15:00',0),(1824,22,20,'beccbffecaba2bfef23485e364ac7c46','2024-07-30 17:15:00',0),(1825,22,18,'98c6e9046b217392dcd3436cfe734f14','2024-07-30 17:15:00',1),(1826,22,19,'831ea869c386b1452cda1dcd73b672b7','2024-07-30 17:15:00',0),(1827,22,20,'5516b1cc39bb7f02d6a2a5b39ef1a6b4','2024-07-30 17:15:00',0),(1828,22,18,'ecc1794ecb4d3c84a50d2cd1b7ed296e','2024-07-30 17:15:00',1),(1829,22,19,'92093e31f6e8cbe8c3fe076ddb9bd82e','2024-07-30 17:15:00',0),(1830,22,20,'1aed0f4a9364948616ed73f9db6ef221','2024-07-30 17:15:00',0),(1831,22,18,'f118875e01ab854524e2fa72f7e42e5f','2024-07-30 17:15:00',1),(1832,22,19,'05d617f51d55380b5ca81ed60ba48e22','2024-07-30 17:15:00',0),(1833,22,20,'242f482d1473c2b4c23b8ed13e0310b8','2024-07-30 17:15:00',0),(1834,22,18,'177508365597d0c77ea9fecb7f950e79','2024-07-30 17:15:00',1),(1835,22,19,'5f8c4f2d09ac40a144c0d5f5e255153c','2024-07-30 17:15:00',0),(1836,22,20,'4f6a1c9b552e1fb3f1906a1f6dff8dce','2024-07-30 17:15:00',0),(1837,22,18,'d347dedd43f434b731926b825936da5d','2024-07-30 17:15:00',1),(1838,22,19,'1615b0a03d81ced9807d0d9d46573e6a','2024-07-30 17:15:00',0),(1839,22,20,'6b533d496857acd4d23695b1c8922624','2024-07-30 17:15:00',0),(1840,22,18,'8c6448de2a0defc2e2c799a4ffb199ce','2024-07-30 17:15:00',1),(1841,22,19,'2209d69d04280f5c14bc16c19033446b','2024-07-30 17:15:00',0),(1842,22,20,'6d62b33ffd51b38d45aa0d70648d7066','2024-07-30 17:15:00',0),(1843,22,18,'e2a7641e1cedcfeb0417cf98efa5a8a0','2024-07-30 17:15:00',1),(1844,22,19,'09105fcfdc9096460e11bc75f389dcf3','2024-07-30 17:15:00',0),(1845,22,20,'fb850d168232bce423ffebade70c94f6','2024-07-30 17:15:00',0),(1846,22,18,'b9e2714517ac0d5ef9a11555b4c3e7d9','2024-07-30 17:15:00',1),(1847,22,19,'c28be6370008b29e008caffbccc42f87','2024-07-30 17:15:00',0),(1848,22,20,'a011cc0ff41cfcf414ebec5b63819a13','2024-07-30 17:15:00',0),(1849,22,18,'1973772f732350636628890298e1a49e','2024-07-30 17:15:00',1),(1850,22,19,'864798d53212a194e80c4b582b0e86bc','2024-07-30 17:15:00',0),(1851,22,20,'38d63663844cd9e8bbbe78e0a1470343','2024-07-30 17:15:00',0),(1852,22,18,'d5f6d8e4ccc310018519972d8fe1ee7b','2024-07-30 17:15:00',1),(1853,22,19,'b0c0208528606171b38b3662fd4a7b34','2024-07-30 17:15:00',0),(1854,22,20,'53a2188e54c0d3f69e29958e531dd34a','2024-07-30 17:15:00',0),(1855,22,18,'f53697ccabc11f12c5a1ea9d38ed6a73','2024-07-30 17:15:00',1),(1856,22,19,'db45622dc3acc7a7c671120c8f80373c','2024-07-30 17:15:00',0),(1857,22,20,'05e5b9e3e22cbadf6f4525a92b6cf1b6','2024-07-30 17:15:00',0),(1858,22,18,'a58db08e8097c3b3e67c236d693fa020','2024-07-30 17:15:00',1),(1859,22,19,'2767994504264eb0cdd2c32bcbd36576','2024-07-30 17:15:00',0),(1860,22,20,'0102c8ef418060c938d89e2d4c0aef0d','2024-07-30 17:15:00',0),(1861,22,18,'b949809e6ce70f8f8fbed460a792893c','2024-07-30 17:15:00',1),(1862,22,19,'4e894ce73d8adddf6dd197ae1ed1c47e','2024-07-30 17:15:00',0),(1863,22,20,'9992df9d6aa47cf0701e21e10432a9b6','2024-07-30 17:15:00',0),(1864,22,18,'cef0a87c2a9bb1bd7876332f43d9d8eb','2024-07-30 17:15:00',1),(1865,22,19,'b10b386f7fe1e158642ab8a99ef96ba6','2024-07-30 17:15:00',0),(1866,22,20,'77649ba2279bcd18c04c9ade28e3710b','2024-07-30 17:15:00',0),(1867,22,18,'2c10c4536fe866c9a8df816bb6de1bf8','2024-07-30 17:15:00',1),(1868,22,19,'4fbd77fa96ab6da3a1c5825eb72982b5','2024-07-30 17:15:00',0),(1869,22,20,'693b96ee9de3906749700197ae66316a','2024-07-30 17:15:00',0),(1870,22,18,'9afcdf7936633ea99862471507c8009c','2024-07-30 17:15:00',0),(1871,22,19,'c2df24339ca4fdda2f5de428b759bdaa','2024-07-30 17:15:00',0),(1872,22,20,'2facabeb4ad7611a2250807f0c9eb45e','2024-07-30 17:15:00',0),(1873,22,18,'07057a322c66782ef7431700a0d488ae','2024-07-30 17:15:00',0),(1874,22,19,'f38b32ecd58441f84dd07154ad2b4192','2024-07-30 17:15:00',0),(1875,22,20,'925928e06b0248d683ea4bdc6d539998','2024-07-30 17:15:00',0),(1876,23,18,'c7555be14a4075fcde4016b87d4b8974','2024-07-30 23:36:00',1),(1877,23,19,'d55eca4acb24561b91ad02d858ef6263','2024-07-30 23:36:00',0),(1878,23,20,'2493d90714682d3ecfce0be0221dc435','2024-07-30 23:36:00',0),(1879,23,18,'d5d64abb5e39bc47e987bcf8726c14e2','2024-07-30 23:36:00',1),(1880,23,19,'8f307f9ebb08be4b9c9ce2abdf61629f','2024-07-30 23:36:00',0),(1881,23,20,'f12c84bd8baeb42716ff0e0c11de9f99','2024-07-30 23:36:00',0),(1882,23,18,'86ef4ea521fe8835381d83be62bd2942','2024-07-30 23:36:00',0),(1883,23,19,'15dc76579dcc8eb76badedfc0e4d41f2','2024-07-30 23:36:00',0),(1884,23,20,'0118f413e002ac63e967cc45aff64184','2024-07-30 23:36:00',0);
/*!40000 ALTER TABLE `attendance` ENABLE KEYS */;
UNLOCK TABLES;

--
-- Table structure for table `classe`
--

DROP TABLE IF EXISTS `classe`;
/*!40101 SET @saved_cs_client     = @@character_set_client */;
/*!50503 SET character_set_client = utf8mb4 */;
CREATE TABLE `classe` (
  `id` int NOT NULL AUTO_INCREMENT,
  `promotion_id` int NOT NULL,
  `course_id` int DEFAULT NULL,
  `start` datetime NOT NULL,
  `end` datetime NOT NULL,
  PRIMARY KEY (`id`),
  KEY `IDX_8F87BF96139DF194` (`promotion_id`),
  KEY `IDX_8F87BF96591CC992` (`course_id`),
  CONSTRAINT `FK_8F87BF96139DF194` FOREIGN KEY (`promotion_id`) REFERENCES `promotion` (`id`),
  CONSTRAINT `FK_8F87BF96591CC992` FOREIGN KEY (`course_id`) REFERENCES `course` (`id`)
) ENGINE=InnoDB AUTO_INCREMENT=24 DEFAULT CHARSET=utf8mb4 COLLATE=utf8mb4_unicode_ci;
/*!40101 SET character_set_client = @saved_cs_client */;

--
-- Dumping data for table `classe`
--

LOCK TABLES `classe` WRITE;
/*!40000 ALTER TABLE `classe` DISABLE KEYS */;
INSERT INTO `classe` VALUES (18,1,18,'2024-07-29 11:15:00','2024-07-29 12:45:00'),(19,1,19,'2024-07-29 13:00:00','2024-07-29 17:15:00'),(20,1,20,'2024-07-30 09:45:00','2024-07-30 11:15:00'),(21,1,21,'2024-07-30 11:30:00','2024-07-30 13:00:00'),(22,1,22,'2024-07-30 14:00:00','2024-07-30 17:15:00'),(23,1,23,'2024-07-30 19:36:00','2024-07-30 23:36:00');
/*!40000 ALTER TABLE `classe` ENABLE KEYS */;
UNLOCK TABLES;

--
-- Table structure for table `course`
--

DROP TABLE IF EXISTS `course`;
/*!40101 SET @saved_cs_client     = @@character_set_client */;
/*!50503 SET character_set_client = utf8mb4 */;
CREATE TABLE `course` (
  `id` int NOT NULL AUTO_INCREMENT,
  `user_id` int NOT NULL,
  `subject_id` int NOT NULL,
  `promotion_id` int NOT NULL,
  PRIMARY KEY (`id`),
  KEY `IDX_169E6FB9A76ED395` (`user_id`),
  KEY `IDX_169E6FB923EDC87` (`subject_id`),
  KEY `IDX_169E6FB9139DF194` (`promotion_id`),
  CONSTRAINT `FK_169E6FB9139DF194` FOREIGN KEY (`promotion_id`) REFERENCES `promotion` (`id`),
  CONSTRAINT `FK_169E6FB923EDC87` FOREIGN KEY (`subject_id`) REFERENCES `subject` (`id`),
  CONSTRAINT `FK_169E6FB9A76ED395` FOREIGN KEY (`user_id`) REFERENCES `user` (`id`)
) ENGINE=InnoDB AUTO_INCREMENT=24 DEFAULT CHARSET=utf8mb4 COLLATE=utf8mb4_unicode_ci;
/*!40101 SET character_set_client = @saved_cs_client */;

--
-- Dumping data for table `course`
--

LOCK TABLES `course` WRITE;
/*!40000 ALTER TABLE `course` DISABLE KEYS */;
INSERT INTO `course` VALUES (18,92,9,1),(19,92,10,1),(20,96,11,1),(21,96,11,1),(22,96,11,1),(23,92,10,1);
/*!40000 ALTER TABLE `course` ENABLE KEYS */;
UNLOCK TABLES;

--
-- Table structure for table `doctrine_migration_versions`
--

DROP TABLE IF EXISTS `doctrine_migration_versions`;
/*!40101 SET @saved_cs_client     = @@character_set_client */;
/*!50503 SET character_set_client = utf8mb4 */;
CREATE TABLE `doctrine_migration_versions` (
  `version` varchar(191) COLLATE utf8mb3_unicode_ci NOT NULL,
  `executed_at` datetime DEFAULT NULL,
  `execution_time` int DEFAULT NULL,
  PRIMARY KEY (`version`)
) ENGINE=InnoDB DEFAULT CHARSET=utf8mb3 COLLATE=utf8mb3_unicode_ci;
/*!40101 SET character_set_client = @saved_cs_client */;

--
-- Dumping data for table `doctrine_migration_versions`
--

LOCK TABLES `doctrine_migration_versions` WRITE;
/*!40000 ALTER TABLE `doctrine_migration_versions` DISABLE KEYS */;
INSERT INTO `doctrine_migration_versions` VALUES ('DoctrineMigrations\\Version20240618123446','2024-06-18 12:36:01',144),('DoctrineMigrations\\Version20240618125708','2024-06-18 12:57:16',509);
/*!40000 ALTER TABLE `doctrine_migration_versions` ENABLE KEYS */;
UNLOCK TABLES;

--
-- Table structure for table `messenger_messages`
--

DROP TABLE IF EXISTS `messenger_messages`;
/*!40101 SET @saved_cs_client     = @@character_set_client */;
/*!50503 SET character_set_client = utf8mb4 */;
CREATE TABLE `messenger_messages` (
  `id` bigint NOT NULL AUTO_INCREMENT,
  `body` longtext COLLATE utf8mb4_unicode_ci NOT NULL,
  `headers` longtext COLLATE utf8mb4_unicode_ci NOT NULL,
  `queue_name` varchar(190) COLLATE utf8mb4_unicode_ci NOT NULL,
  `created_at` datetime NOT NULL COMMENT '(DC2Type:datetime_immutable)',
  `available_at` datetime NOT NULL COMMENT '(DC2Type:datetime_immutable)',
  `delivered_at` datetime DEFAULT NULL COMMENT '(DC2Type:datetime_immutable)',
  PRIMARY KEY (`id`),
  KEY `IDX_75EA56E0FB7336F0` (`queue_name`),
  KEY `IDX_75EA56E0E3BD61CE` (`available_at`),
  KEY `IDX_75EA56E016BA31DB` (`delivered_at`)
) ENGINE=InnoDB DEFAULT CHARSET=utf8mb4 COLLATE=utf8mb4_unicode_ci;
/*!40101 SET character_set_client = @saved_cs_client */;

--
-- Dumping data for table `messenger_messages`
--

LOCK TABLES `messenger_messages` WRITE;
/*!40000 ALTER TABLE `messenger_messages` DISABLE KEYS */;
/*!40000 ALTER TABLE `messenger_messages` ENABLE KEYS */;
UNLOCK TABLES;

--
-- Table structure for table `promotion`
--

DROP TABLE IF EXISTS `promotion`;
/*!40101 SET @saved_cs_client     = @@character_set_client */;
/*!50503 SET character_set_client = utf8mb4 */;
CREATE TABLE `promotion` (
  `id` int NOT NULL AUTO_INCREMENT,
  `school_id` int NOT NULL,
  `name` varchar(255) COLLATE utf8mb4_unicode_ci NOT NULL,
  `year` varchar(255) COLLATE utf8mb4_unicode_ci NOT NULL,
  PRIMARY KEY (`id`),
  KEY `IDX_C11D7DD1C32A47EE` (`school_id`),
  CONSTRAINT `FK_C11D7DD1C32A47EE` FOREIGN KEY (`school_id`) REFERENCES `school` (`id`)
) ENGINE=InnoDB AUTO_INCREMENT=5 DEFAULT CHARSET=utf8mb4 COLLATE=utf8mb4_unicode_ci;
/*!40101 SET character_set_client = @saved_cs_client */;

--
-- Dumping data for table `promotion`
--

LOCK TABLES `promotion` WRITE;
/*!40000 ALTER TABLE `promotion` DISABLE KEYS */;
INSERT INTO `promotion` VALUES (1,1,'M1 IW','2023'),(2,1,'M1 AL','2024'),(3,2,'M1 SRC','2024');
/*!40000 ALTER TABLE `promotion` ENABLE KEYS */;
UNLOCK TABLES;

--
-- Table structure for table `reset_password_request`
--

DROP TABLE IF EXISTS `reset_password_request`;
/*!40101 SET @saved_cs_client     = @@character_set_client */;
/*!50503 SET character_set_client = utf8mb4 */;
CREATE TABLE `reset_password_request` (
  `id` int NOT NULL AUTO_INCREMENT,
  `user_id` int NOT NULL,
  `selector` varchar(20) COLLATE utf8mb4_unicode_ci NOT NULL,
  `hashed_token` varchar(100) COLLATE utf8mb4_unicode_ci NOT NULL,
  `requested_at` datetime NOT NULL COMMENT '(DC2Type:datetime_immutable)',
  `expires_at` datetime NOT NULL COMMENT '(DC2Type:datetime_immutable)',
  PRIMARY KEY (`id`),
  KEY `IDX_7CE748AA76ED395` (`user_id`),
  CONSTRAINT `FK_7CE748AA76ED395` FOREIGN KEY (`user_id`) REFERENCES `user` (`id`)
) ENGINE=InnoDB DEFAULT CHARSET=utf8mb4 COLLATE=utf8mb4_unicode_ci;
/*!40101 SET character_set_client = @saved_cs_client */;

--
-- Dumping data for table `reset_password_request`
--

LOCK TABLES `reset_password_request` WRITE;
/*!40000 ALTER TABLE `reset_password_request` DISABLE KEYS */;
/*!40000 ALTER TABLE `reset_password_request` ENABLE KEYS */;
UNLOCK TABLES;

--
-- Table structure for table `role`
--

DROP TABLE IF EXISTS `role`;
/*!40101 SET @saved_cs_client     = @@character_set_client */;
/*!50503 SET character_set_client = utf8mb4 */;
CREATE TABLE `role` (
  `id` int NOT NULL AUTO_INCREMENT,
  `name` varchar(50) COLLATE utf8mb4_general_ci NOT NULL,
  PRIMARY KEY (`id`)
) ENGINE=InnoDB AUTO_INCREMENT=4 DEFAULT CHARSET=utf8mb4 COLLATE=utf8mb4_general_ci;
/*!40101 SET character_set_client = @saved_cs_client */;

--
-- Dumping data for table `role`
--

LOCK TABLES `role` WRITE;
/*!40000 ALTER TABLE `role` DISABLE KEYS */;
INSERT INTO `role` VALUES (1,'ROLE_ADMIN'),(2,'ROLE_USER'),(3,'ROLE_PROF');
/*!40000 ALTER TABLE `role` ENABLE KEYS */;
UNLOCK TABLES;

--
-- Table structure for table `school`
--

DROP TABLE IF EXISTS `school`;
/*!40101 SET @saved_cs_client     = @@character_set_client */;
/*!50503 SET character_set_client = utf8mb4 */;
CREATE TABLE `school` (
  `id` int NOT NULL AUTO_INCREMENT,
  `name` varchar(255) COLLATE utf8mb4_unicode_ci NOT NULL,
  `city` varchar(255) COLLATE utf8mb4_unicode_ci NOT NULL,
  PRIMARY KEY (`id`)
) ENGINE=InnoDB AUTO_INCREMENT=6 DEFAULT CHARSET=utf8mb4 COLLATE=utf8mb4_unicode_ci;
/*!40101 SET character_set_client = @saved_cs_client */;

--
-- Dumping data for table `school`
--

LOCK TABLES `school` WRITE;
/*!40000 ALTER TABLE `school` DISABLE KEYS */;
INSERT INTO `school` VALUES (1,'ESGI','Grenoble'),(2,'CESI','Meylan');
/*!40000 ALTER TABLE `school` ENABLE KEYS */;
UNLOCK TABLES;

--
-- Table structure for table `student`
--

DROP TABLE IF EXISTS `student`;
/*!40101 SET @saved_cs_client     = @@character_set_client */;
/*!50503 SET character_set_client = utf8mb4 */;
CREATE TABLE `student` (
  `id` int NOT NULL AUTO_INCREMENT,
  `user_id` int NOT NULL,
  `promotion_id` int NOT NULL,
  PRIMARY KEY (`id`),
  KEY `IDX_B723AF33A76ED395` (`user_id`),
  KEY `IDX_B723AF33139DF194` (`promotion_id`),
  CONSTRAINT `FK_B723AF33139DF194` FOREIGN KEY (`promotion_id`) REFERENCES `promotion` (`id`),
  CONSTRAINT `FK_B723AF33A76ED395` FOREIGN KEY (`user_id`) REFERENCES `user` (`id`)
) ENGINE=InnoDB AUTO_INCREMENT=21 DEFAULT CHARSET=utf8mb4 COLLATE=utf8mb4_unicode_ci;
/*!40101 SET character_set_client = @saved_cs_client */;

--
-- Dumping data for table `student`
--

LOCK TABLES `student` WRITE;
/*!40000 ALTER TABLE `student` DISABLE KEYS */;
INSERT INTO `student` VALUES (18,93,1),(19,94,1),(20,95,1);
/*!40000 ALTER TABLE `student` ENABLE KEYS */;
UNLOCK TABLES;
/*!50003 SET @saved_cs_client      = @@character_set_client */ ;
/*!50003 SET @saved_cs_results     = @@character_set_results */ ;
/*!50003 SET @saved_col_connection = @@collation_connection */ ;
/*!50003 SET character_set_client  = utf8mb4 */ ;
/*!50003 SET character_set_results = utf8mb4 */ ;
/*!50003 SET collation_connection  = utf8mb4_unicode_ci */ ;
/*!50003 SET @saved_sql_mode       = @@sql_mode */ ;
/*!50003 SET sql_mode              = 'NO_AUTO_VALUE_ON_ZERO' */ ;
DELIMITER ;;

CREATE TRIGGER `before_student_insert_update` 
BEFORE INSERT ON `student` 
FOR EACH ROW 
BEGIN
    DECLARE user_has_prof_role INT;
    
    SELECT COUNT(*)
    INTO user_has_prof_role
    FROM user_role
    WHERE user_id = NEW.user_id AND role_id = 3;

    IF user_has_prof_role > 0 THEN
        SIGNAL SQLSTATE '45000' SET MESSAGE_TEXT = 'Un professeur ne peut pas tre ajout comme tudiant';
    END IF;
END ;;

DELIMITER ;


/*!50003 SET sql_mode              = @saved_sql_mode */ ;
/*!50003 SET character_set_client  = @saved_cs_client */ ;
/*!50003 SET character_set_results = @saved_cs_results */ ;
/*!50003 SET collation_connection  = @saved_col_connection */ ;

--
-- Table structure for table `subject`
--

DROP TABLE IF EXISTS `subject`;
/*!40101 SET @saved_cs_client     = @@character_set_client */;
/*!50503 SET character_set_client = utf8mb4 */;
CREATE TABLE `subject` (
  `id` int NOT NULL AUTO_INCREMENT,
  `name` varchar(255) COLLATE utf8mb4_general_ci NOT NULL,
  PRIMARY KEY (`id`)
) ENGINE=InnoDB AUTO_INCREMENT=13 DEFAULT CHARSET=utf8mb4 COLLATE=utf8mb4_general_ci;
/*!40101 SET character_set_client = @saved_cs_client */;

--
-- Dumping data for table `subject`
--

LOCK TABLES `subject` WRITE;
/*!40000 ALTER TABLE `subject` DISABLE KEYS */;
INSERT INTO `subject` VALUES (7,'Communication'),(8,'Droit de l\'informatique & rgpd'),(9,'FYC'),(10,'Autonomie FYC'),(11,'Projet final - suivi technique');
/*!40000 ALTER TABLE `subject` ENABLE KEYS */;
UNLOCK TABLES;

--
-- Table structure for table `user`
--

DROP TABLE IF EXISTS `user`;
/*!40101 SET @saved_cs_client     = @@character_set_client */;
/*!50503 SET character_set_client = utf8mb4 */;
CREATE TABLE `user` (
  `id` int NOT NULL AUTO_INCREMENT,
  `email` varchar(180) COLLATE utf8mb4_unicode_ci NOT NULL,
  `password` varchar(255) COLLATE utf8mb4_unicode_ci NOT NULL,
  `username` varchar(50) COLLATE utf8mb4_unicode_ci NOT NULL,
  `firstname` varchar(50) COLLATE utf8mb4_unicode_ci DEFAULT NULL,
  `lastname` varchar(50) COLLATE utf8mb4_unicode_ci DEFAULT NULL,
  `biography` longtext COLLATE utf8mb4_unicode_ci,
  `is_banned` tinyint(1) NOT NULL,
  `is_verified` tinyint(1) NOT NULL,
  `image_name` varchar(255) COLLATE utf8mb4_unicode_ci DEFAULT NULL,
  `image_size` int DEFAULT NULL,
  `created_at` datetime NOT NULL COMMENT '(DC2Type:datetime_immutable)',
  `updated_at` datetime NOT NULL,
  PRIMARY KEY (`id`),
  UNIQUE KEY `UNIQ_8D93D649E7927C74` (`email`)
) ENGINE=InnoDB AUTO_INCREMENT=98 DEFAULT CHARSET=utf8mb4 COLLATE=utf8mb4_unicode_ci;
/*!40101 SET character_set_client = @saved_cs_client */;

--
-- Dumping data for table `user`
--

LOCK TABLES `user` WRITE;
/*!40000 ALTER TABLE `user` DISABLE KEYS */;
INSERT INTO `user` VALUES (1,'TEST','$2y$13$PM3.4/lLkrsM7EzSQwKKfeAxOLooDI9D23KqJnHJJHrmUcIBbOYda','admin','Admin','ADMIN','cdhbi<u^dqc',0,0,NULL,NULL,'2024-06-18 12:37:01','2024-06-18 12:37:01'),(2,'user0@esgisign.fr','$2y$13$XtZ2xTkO4ldbbD.AgO3Z4.NdqRftMkgRqmKAXRuUZei5QTXCC97oC','user0','User0','USER0','Bio',0,0,NULL,NULL,'2024-06-18 12:37:02','2024-06-18 12:37:02'),(3,'user1@esgisign.fr','$2y$13$oqdEqTRHHQqc6eYiCLxu4ui56shsxhk9XeNcwCR6zvVEcHnRBnXEe','user1','User1','USER1','Bio',0,0,NULL,NULL,'2024-06-18 12:37:03','2024-06-18 12:37:03'),(4,'user2@esgisign.fr','$2y$13$aOqAdZNoY0j/iaxsMMkjn.mGK1njfPvt2WS36sfIrpf1yUlu2hBoS','user2','User2','USER2','Bio',0,0,NULL,NULL,'2024-06-18 12:37:03','2024-06-18 12:37:03'),(6,'user4@esgisign.fr','$2y$13$lgJ.7EYIuLbL.E2wyX5P3uFDoWGAoLyssc1mzvo6WijHAqkGMqhxa','user4','User4','USER4','Bio',0,0,NULL,NULL,'2024-06-18 12:37:04','2024-06-18 12:37:04'),(7,'user5@esgisign.fr','$2y$13$LyFzaaUYZhJufqobU9wPLews8vabLXMNBq9xCjbeyyA7gFsR4JXLO','user5','User5','USER5','Bio',0,0,NULL,NULL,'2024-06-18 12:37:04','2024-06-18 12:37:04'),(8,'user6@esgisign.fr','$2y$13$7qTt4zSv2YTw/x0SKtjr3.qrw/cQQNNkY0nZ8Zh428wAHLbKtHz..','user6','User6','USER6','Bio',0,0,NULL,NULL,'2024-06-18 12:37:05','2024-06-18 12:37:05'),(9,'user7@esgisign.fr','$2y$13$P2Ucyp2Kv0hOtySTng3rUurl0SFWzPszST6/xuZ8clZz.IUe6Y6Q.','user7','User7','USER7','Bio',0,0,NULL,NULL,'2024-06-18 12:37:05','2024-06-18 12:37:05'),(10,'user8@esgisign.fr','$2y$13$44vjY/gUGFT8.tzt76bHL.g5pWFocM5yghOM/ZheBoxFjxA1yEqFm','user8','User8','USER8','Bio',0,0,NULL,NULL,'2024-06-18 12:37:06','2024-06-18 12:37:06'),(11,'user9@esgisign.fr','$2y$13$ZDnqGeLysRo59FZP5.oG/.E8JDQ5kWyTcBBr3Td1NJXDfcyNonwKO','user9','User9','USER9','Bio',0,0,NULL,NULL,'2024-06-18 12:37:06','2024-06-18 12:37:06'),(12,'user10@esgisign.fr','$2y$13$z5EcCkVS9AEYJlDIWjaPouXRiRJa7m0iCm3j3G8MNLb8kOukM7BSG','user10','User10','USER10','Bio',0,0,NULL,NULL,'2024-06-18 12:37:07','2024-06-18 12:37:07'),(13,'user11@esgisign.fr','$2y$13$2IgTfDZbcWQzp0df2FxO4O3GgALBwmZ90ZBAPW4CB6UYoh/GusaIm','user11','User11','USER11','Bio',0,0,NULL,NULL,'2024-06-18 12:37:07','2024-06-18 12:37:07'),(14,'user12@esgisign.fr','$2y$13$BVmd.faexq08CRB9yKj4j.VqM/rP/xIEiwxIhVqWDlzWPL4SM5spS','user12','User12','USER12','Bio',0,0,NULL,NULL,'2024-06-18 12:37:07','2024-06-18 12:37:07'),(15,'user13@esgisign.fr','$2y$13$tALkvk7oJBjVmLIeZEIUAeXS6yjjHULAxcIwGLtZ7oIU0by2o/QdW','user13','User13','USER13','Bio',0,0,NULL,NULL,'2024-06-18 12:37:08','2024-06-18 12:37:08'),(16,'user14@esgisign.fr','$2y$13$6BFsgFkdutIhpI/xGZqIjeO4fMi.U3WRLqJQVLg7IKT7F3pktCO0q','user14','User14','USER14','Bio',0,0,NULL,NULL,'2024-06-18 12:37:08','2024-06-18 12:37:08'),(17,'user15@esgisign.fr','$2y$13$meAEtmQCOcIpmTwJep0aP.r6Vqbyp2VowjSHQvW9MlrFbFNRuMR46','user15','User15','USER15','Bio',0,0,NULL,NULL,'2024-06-18 12:37:09','2024-06-18 12:37:09'),(18,'user16@esgisign.fr','$2y$13$7R5rVHKIivuUVPIEFZqNo.wHnV/aOe2wgFeiiQLrtQvIHeQtH.LbO','user16','User16','USER16','Bio',0,0,NULL,NULL,'2024-06-18 12:37:09','2024-06-18 12:37:09'),(19,'user17@esgisign.fr','$2y$13$YF/sPqj/At2gJgvg7IRHredz0kFVGShSd1i2eg6nWq61x.MYngL.C','user17','User17','USER17','Bio',0,0,NULL,NULL,'2024-06-18 12:37:10','2024-06-18 12:37:10'),(20,'user18@esgisign.fr','$2y$13$0.OGUwF1fSfU6X1zZXBCE.viN8bq/anN7z6RfLokb5DHr/W.nuQx6','user18','User18','USER18','Bio',0,0,NULL,NULL,'2024-06-18 12:37:10','2024-06-18 12:37:10'),(21,'user19@esgisign.fr','$2y$13$w14d.7VBBgMCgy55jBw90Oo/iVqHrDDsnSoYf8sVnkT0qoysgZhI6','user19','User19','USER19','Bio',0,0,NULL,NULL,'2024-06-18 12:37:10','2024-06-18 12:37:10'),(32,'dazdza@azd.co','dazdazd','azdazd','azdazdaz','dazdazd',NULL,0,0,NULL,NULL,'0000-00-00 00:00:00','0000-00-00 00:00:00'),(33,'wasaca1133@lisoren.com','alalalal','alvin','al','vn',NULL,0,0,NULL,NULL,'0000-00-00 00:00:00','0000-00-00 00:00:00'),(35,'waa3@lisoren.com','pass','alvin','i','lian',NULL,0,0,NULL,NULL,'0000-00-00 00:00:00','0000-00-00 00:00:00'),(36,'email@e.com','password','alv111111','test','prdezrv',NULL,0,0,NULL,NULL,'0000-00-00 00:00:00','0000-00-00 00:00:00'),(37,'emdazdazdail@e.com','pass','bbbbbbb','test','prdezrv',NULL,0,0,NULL,NULL,'0000-00-00 00:00:00','0000-00-00 00:00:00'),(38,'user22@esgisign.fr','quoicoubeh','quoicoubeh','eovrhibl','jnvhfi','Bio',0,0,NULL,NULL,'0000-00-00 00:00:00','0000-00-00 00:00:00'),(39,'aaaemail@j.c','a','testbio','a','b','Bio',0,0,NULL,NULL,'0000-00-00 00:00:00','0000-00-00 00:00:00'),(40,'mymail@em.aim','pass','terstttt','alv','in',NULL,0,0,NULL,NULL,'0000-00-00 00:00:00','0000-00-00 00:00:00'),(41,'testdates@date.com','passs','word','i','li',NULL,0,0,NULL,NULL,'0000-00-00 00:00:00','0000-00-00 00:00:00'),(43,'testdas@date.com','daedazda','word','i','li',NULL,0,0,NULL,NULL,'0000-00-00 00:00:00','0000-00-00 00:00:00'),(45,'dazdaz@dadaz.com','adazda','dada','da','d','Bio',0,0,NULL,NULL,'2024-06-20 10:30:29','2024-06-20 10:30:29'),(54,'user23@esgisign.fr','$2b$10$AQJ1021o5N.jib/XnHhIfuAdG2Fcqx1KcYm.5fjwCFQr/weREjOKW','quoicoubeh','eovrhibl','jnvhfi','Bio',0,0,NULL,NULL,'2024-06-20 10:35:01','2024-06-20 10:35:01'),(56,'efrg@fergt','$2b$10$.xNs18Yv6MpRWN2Nl0gx3ew0BKzyJnUESGz04fsiGyy6rF6QIXVFK','','tttt','ttt',NULL,0,0,NULL,NULL,'2024-07-01 09:50:35','2024-07-01 09:50:35'),(57,'frgtscq@udchsi','$2b$10$R7hCxRwjjXnYTPwiH60P0OBlSQaj5g3pTLFCpm8Sx08KnZ/2ffux2','','efrgty','efrgt',NULL,0,0,NULL,NULL,'2024-07-01 11:19:24','2024-07-01 11:19:24'),(58,'hghghg@ghghgh','$2b$10$5tnJM.NlVtMCCj7C2b.JsOi3ah9haWrAoa3kKzWD2LEoPi0gI3kSa','','vfdvef','fveve',NULL,0,0,NULL,NULL,'2024-07-01 11:19:58','2024-07-01 11:19:58'),(59,'test@test','$2b$10$RHyHs/m78x9Ey2NUO6YY3.qzaY4Y.qomvgWTV2wCyb.uTfSY5jqbG','','test','test',NULL,0,0,NULL,NULL,'2024-07-01 11:20:09','2024-07-01 11:20:09'),(61,'ffffffff@ffffffff','$2b$10$X.xgNTesASMmHxvRbDJ6wODjyDHYGr0CQztJZwAph4Qdo3Tc2fKyG','','ffffffff','rfve',NULL,0,0,NULL,NULL,'2024-07-01 15:17:27','2024-07-01 15:17:27'),(62,'gtsrhyuk@gtsrhyuk','$2b$10$oXGG30ar/Btg87hxdVEwxufpODdQgEVMwOXFFl5PyJ.ysYzwzRxNC','','gtsrhyuk','gtsrhyuk',NULL,0,0,NULL,NULL,'2024-07-01 15:49:51','2024-07-01 15:49:51'),(67,'vrzvzvz@czecd.com','$2b$10$GSeGOKtWtKHHxYWXGvxU0.08L2tc4MVn0tv5e722P0BIm3qLInFxO','','Anne Ccile','HIRLEMANN',NULL,0,0,NULL,NULL,'2024-07-17 08:11:39','2024-07-17 19:50:20'),(71,'patrick.gratte@test.fr','$2b$10$TIX9gm7uY3r7QFFX/ESDKOZs6oPB9rnAeVIAEnuhsz6AiZdeGu38G','pgratte','Patrick','GRATTE',NULL,0,0,NULL,NULL,'2024-07-20 17:53:18','2024-07-20 17:53:18'),(82,'vfsvfw@vsvsdf','$2b$10$lTBR3twX/4wJ7nocC7wnU.JbM1.bU4b2m3Vr4swKvOVteBiEEjm1G','frfggevrgers','fzsevfe','rfggevrgers',NULL,0,0,NULL,NULL,'2024-07-24 17:14:47','2024-07-24 17:14:47'),(83,'vwfvs@vsfwvs','$2b$10$UpmJ/bF7cWhqog8LF3OyCOioyswA1PtbAFseQ0.ilUbrjVrcVHTAe','vdvsvsdq<q<sdcv','vdvsdv','dvsvsdq<q<sdcv',NULL,0,0,NULL,NULL,'2024-07-25 17:52:28','2024-07-25 17:52:28'),(84,'vdqsvds@vfsqsdfvsdf','$2b$10$xNKGZ22YxSEd2gqHUmWcKOYf/yDF3P9m6TQJXtzcdUdvlye9O7YFC','cvdqsvdq','cvdsvdcqs','vdqsvdq',NULL,0,0,NULL,NULL,'2024-07-28 22:49:01','2024-07-28 22:49:01'),(85,'vbfdvbfsw@vsfvsffvs','$2b$10$R5PtuVQkd6gTy2xMQKvj8OS3ypDFxw1ebHdbh5/IIJ/NWdUoVhbx6','fvsdfvswvs','fsvsfvfs','vsdfvswvs',NULL,0,0,NULL,NULL,'2024-07-29 00:32:21','2024-07-29 00:32:21'),(86,'befwbsfw@hbftedbrfs','$2b$10$sr5Rb29TvjbO1eh4L7XnvODoEVCGrp4lig01I.EJ48JgkCW40sAXG','vdvs<v<sd','vfsvsd','dvs<v<sd',NULL,0,0,NULL,NULL,'2024-07-29 09:21:56','2024-07-29 09:21:56'),(87,'admin@admin','$2b$10$f0Hm5/FHskHu15XP7IWZPeWDVo0yrnYaqRi2A7Qi1wI7QDCxcITlq','aadmin','admin','admin',NULL,0,0,NULL,NULL,'2024-07-29 11:16:06','2024-07-29 11:16:06'),(88,'bwdfbfswd@fbwdbwf','$2b$10$fJ7nMcMVzGJumwY6XQpBv.xVQQN0.C.dMsE3PET8VN4l0vds/jtMC','bbdfbfdbdf','bdbdf','bdfbfdbdf',NULL,0,0,NULL,NULL,'2024-07-29 14:51:43','2024-07-29 14:51:43'),(89,'gbfuisdvbujdf@vsdhuivdgsbu','$2b$10$43WTmtzHEaxdM5.Tec/8COfrW/it613Uf7iHXQJ1oLegozZiFfIPC','zefrfghtgyjk','zsdsfergth','efrfghtgyjk',NULL,0,0,NULL,NULL,'2024-07-29 15:21:50','2024-07-29 15:21:50'),(90,'ngnfgdffgd@ffazeyvujdfwigyhvf','$2b$10$EDqNiRWtH9PchgvLcG8Ig.Z/ms7oQ/sM5bsvu8vFBvbi24tDQw8Iq','dvsvsdfvsdf','dqsqsdfcvsd','vsvsdfvsdf',NULL,0,0,NULL,NULL,'2024-07-29 15:25:51','2024-07-29 15:25:51'),(92,'remy.bal@studentsignature.fr','$2a$10$qpl0SN05VQpwLaMbg7OTrOX7fSitk7tY.ibv9vh7E1Rtb0ti75hOG','rbal','Remy','BAL',NULL,0,0,NULL,NULL,'2024-07-29 15:51:49','2024-07-29 15:51:49'),(93,'yanis.hlali@studentsignature.fr','$2a$10$qpl0SN05VQpwLaMbg7OTrOX7fSitk7tY.ibv9vh7E1Rtb0ti75hOG','yhlali','Yanis','HLALI',NULL,0,0,NULL,NULL,'2024-07-29 15:53:42','2024-07-29 15:53:42'),(94,'ilian.benaissa@studentsignature.fr','$2a$10$qpl0SN05VQpwLaMbg7OTrOX7fSitk7tY.ibv9vh7E1Rtb0ti75hOG','ibenaissa','Ilian','BENAISSA',NULL,0,0,NULL,NULL,'2024-07-29 15:54:46','2024-07-29 15:54:46'),(95,'sefa.guclu@studentsignature.fr','$2b$10$xOkTxMyMpxBNU7KUQNVi1.YZjRordK2KKj8qQ8r2Bav8LxetWCvdy','sguclu','Sefa','GUCLU',NULL,0,0,NULL,NULL,'2024-07-29 15:58:07','2024-07-29 15:58:07'),(96,'thomas.berard@studentsignature.fr','$2b$10$oQI92NuVrb6Cp3tiz6C2L.j76VVRZ12bnLLZoueawp0twPxCMWGy2','tberard','Thomas','BERARD',NULL,0,0,NULL,NULL,'2024-07-30 11:48:41','2024-07-30 11:48:41'),(97,'bdwfgbdfwdfbw@bdfdfb','$2b$10$u.S96I3fpZgDXlF.0Va56ua/shN6fEe4u6BK2kvpZC3Lebv7lBX/e','vvsfvsdvsd','vfswvsf','vsfvsdvsd',NULL,0,0,NULL,NULL,'2024-07-31 13:16:49','2024-07-31 13:16:49');
/*!40000 ALTER TABLE `user` ENABLE KEYS */;
UNLOCK TABLES;

--
-- Table structure for table `user_role`
--

DROP TABLE IF EXISTS `user_role`;
/*!40101 SET @saved_cs_client     = @@character_set_client */;
/*!50503 SET character_set_client = utf8mb4 */;
CREATE TABLE `user_role` (
  `id` int NOT NULL AUTO_INCREMENT,
  `role_id` int NOT NULL,
  `user_id` int NOT NULL,
  PRIMARY KEY (`id`),
  KEY `fk_user_role_user` (`user_id`),
  KEY `fk_user_role_role` (`role_id`),
  CONSTRAINT `fk_foreign_key_idrole` FOREIGN KEY (`role_id`) REFERENCES `role` (`id`),
  CONSTRAINT `fk_user_role_role` FOREIGN KEY (`role_id`) REFERENCES `role` (`id`) ON DELETE CASCADE ON UPDATE CASCADE,
  CONSTRAINT `fk_user_role_user` FOREIGN KEY (`user_id`) REFERENCES `user` (`id`) ON DELETE CASCADE ON UPDATE CASCADE
) ENGINE=InnoDB AUTO_INCREMENT=13 DEFAULT CHARSET=utf8mb4 COLLATE=utf8mb4_general_ci;
/*!40101 SET character_set_client = @saved_cs_client */;

--
-- Dumping data for table `user_role`
--

LOCK TABLES `user_role` WRITE;
/*!40000 ALTER TABLE `user_role` DISABLE KEYS */;
INSERT INTO `user_role` VALUES (3,3,67),(4,3,71),(5,1,87),(6,2,90),(8,3,92),(9,2,93),(10,2,94),(11,2,95),(12,3,96);
/*!40000 ALTER TABLE `user_role` ENABLE KEYS */;
UNLOCK TABLES;
/*!50003 SET @saved_cs_client      = @@character_set_client */ ;
/*!50003 SET @saved_cs_results     = @@character_set_results */ ;
/*!50003 SET @saved_col_connection = @@collation_connection */ ;
/*!50003 SET character_set_client  = utf8mb4 */ ;
/*!50003 SET character_set_results = utf8mb4 */ ;
/*!50003 SET collation_connection  = utf8mb4_unicode_ci */ ;
/*!50003 SET @saved_sql_mode       = @@sql_mode */ ;
/*!50003 SET sql_mode              = 'NO_AUTO_VALUE_ON_ZERO' */ ;
DELIMITER ;;

CREATE TRIGGER `before_user_role_insert_update` 
BEFORE INSERT ON `user_role` 
FOR EACH ROW 
BEGIN
    DECLARE user_in_student_table INT;
    
    SELECT COUNT(*)
    INTO user_in_student_table
    FROM student
    WHERE user_id = NEW.user_id;

    IF user_in_student_table > 0 AND NEW.role_id = 3 THEN
        SIGNAL SQLSTATE '45000' SET MESSAGE_TEXT = 'Un tudiant ne peut pas avoir le rle de professeur';
    END IF;
END ;;

DELIMITER ;

/*!50003 SET sql_mode              = @saved_sql_mode */ ;
/*!50003 SET character_set_client  = @saved_cs_client */ ;
/*!50003 SET character_set_results = @saved_cs_results */ ;
/*!50003 SET collation_connection  = @saved_col_connection */ ;
/*!40103 SET TIME_ZONE=@OLD_TIME_ZONE */;

/*!40101 SET SQL_MODE=@OLD_SQL_MODE */;
/*!40014 SET FOREIGN_KEY_CHECKS=@OLD_FOREIGN_KEY_CHECKS */;
/*!40014 SET UNIQUE_CHECKS=@OLD_UNIQUE_CHECKS */;
/*!40101 SET CHARACTER_SET_CLIENT=@OLD_CHARACTER_SET_CLIENT */;
/*!40101 SET CHARACTER_SET_RESULTS=@OLD_CHARACTER_SET_RESULTS */;
/*!40101 SET COLLATION_CONNECTION=@OLD_COLLATION_CONNECTION */;
/*!40111 SET SQL_NOTES=@OLD_SQL_NOTES */;

-- Dump completed on 2024-07-31 14:11:15
